ID,Ola,Módulo,Funcionalidad,Estado matriz,Qué falta según matriz,Horas base,Responsable propuesto en plan,Responsable nominal,Inicio objetivo,Fin objetivo,Dependencias,Criterio de aceptación,Backend localizado,Frontend localizado,Pruebas localizadas,Estado de evidencia técnica,Evidencia requerida para cierre,Resultado QA/UAT
F1-ADM-01,Ola 1A · Fundaciones,Administración y usuarios,"Administrar empresas, sucursales, departamentos y puestos",Ya existe y funciona,--,0,Dev 1 y Dev 2,Geovany y Uzziel,2026-09-28,2026-09-28,Base compartida del ERP,Se crean y consultan estructuras organizacionales sin mezclar datos entre empresas,backend/src/Administracion; backend/src/Identidad; backend/src/Catalogos; backend/src/DatosMaestros; backend/src/Compartido,frontend/src/features/catalogos; frontend/src/routes,backend/tests/Administracion.UnitTests; backend/tests/Identidad.UnitTests; backend/tests/Catalogos.UnitTests; backend/tests/Api.IntegrationTests,"Código candidato localizado; falta ejecutar el caso, documentar evidencia, regresión y UAT",Caso reproducible; dato usado; captura o log; pruebas automáticas aplicables; resultado de regresión; aprobación UAT del área,Pendiente
F1-ADM-02,Ola 1A · Fundaciones,Administración y usuarios,"Administrar usuarios, roles y permisos por empresa y acción",Existe a medias,"Completar matriz final de permisos, mapeo con Microsoft Entra y validación de segregación",12,Dev 1 y Dev 2,Geovany y Uzziel,2026-09-28,2026-09-29,Microsoft Entra; todos los módulos,"Un usuario sólo ve empresas, pantallas y acciones autorizadas",backend/src/Administracion; backend/src/Identidad; backend/src/Catalogos; backend/src/DatosMaestros; backend/src/Compartido,frontend/src/features/catalogos; frontend/src/routes,backend/tests/Administracion.UnitTests; backend/tests/Identidad.UnitTests; backend/tests/Catalogos.UnitTests; backend/tests/Api.IntegrationTests,Base de código candidata localizada; falta confirmar brecha e implementar/probar,Caso reproducible; dato usado; captura o log; pruebas automáticas aplicables; resultado de regresión; aprobación UAT del área,Pendiente
F1-ADM-03,Ola 1A · Fundaciones,Administración y usuarios,"Consultar bitácora de auditoría de altas, cambios, autorizaciones y accesos",Ya existe y funciona,--,0,Dev 1 y Dev 2,Geovany y Uzziel,2026-09-28,2026-09-28,Todos los módulos,"Cada operación crítica deja usuario, fecha, entidad y cambio realizado",backend/src/Administracion; backend/src/Identidad; backend/src/Catalogos; backend/src/DatosMaestros; backend/src/Compartido,frontend/src/features/catalogos; frontend/src/routes,backend/tests/Administracion.UnitTests; backend/tests/Identidad.UnitTests; backend/tests/Catalogos.UnitTests; backend/tests/Api.IntegrationTests,"Código candidato localizado; falta ejecutar el caso, documentar evidencia, regresión y UAT",Caso reproducible; dato usado; captura o log; pruebas automáticas aplicables; resultado de regresión; aprobación UAT del área,Pendiente
F1-ADM-04,Ola 1A · Fundaciones,Administración y usuarios,"Mantener catálogos compartidos de monedas, unidades, impuestos y formas de pago",Existe a medias,"Cerrar catálogo definitivo, reglas de vigencia y responsables de mantenimiento",4,Dev 1,Por confirmar: mapear Dev 1/Dev 2 a Geovany/Uzziel,2026-10-01,2026-10-01,SAT; Facturación; Cuentas por pagar; Tesorería,Los catálogos vigentes se reutilizan sin duplicados en los módulos consumidores,backend/src/Administracion; backend/src/Identidad; backend/src/Catalogos; backend/src/DatosMaestros; backend/src/Compartido,frontend/src/features/catalogos; frontend/src/routes,backend/tests/Administracion.UnitTests; backend/tests/Identidad.UnitTests; backend/tests/Catalogos.UnitTests; backend/tests/Api.IntegrationTests,Base de código candidata localizada; falta confirmar brecha e implementar/probar,Caso reproducible; dato usado; captura o log; pruebas automáticas aplicables; resultado de regresión; aprobación UAT del área,Pendiente
F1-ADM-05,Ola 1A · Fundaciones,Administración y usuarios,Mantener maestro único de proveedores y sus datos fiscales y bancarios,Existe a medias,"Completar validación de duplicados, vigencia fiscal y control de cambios bancarios",4,Dev 1,Por confirmar: mapear Dev 1/Dev 2 a Geovany/Uzziel,2026-10-01,2026-10-02,Compras; Cuentas por pagar; Tesorería; SAT,Un proveedor conserva una sola identidad y los cambios sensibles quedan auditados,backend/src/Administracion; backend/src/Identidad; backend/src/Catalogos; backend/src/DatosMaestros; backend/src/Compartido,frontend/src/features/catalogos; frontend/src/routes,backend/tests/Administracion.UnitTests; backend/tests/Identidad.UnitTests; backend/tests/Catalogos.UnitTests; backend/tests/Api.IntegrationTests,Base de código candidata localizada; falta confirmar brecha e implementar/probar,Caso reproducible; dato usado; captura o log; pruebas automáticas aplicables; resultado de regresión; aprobación UAT del área,Pendiente
F1-ADM-06,Ola 1A · Fundaciones,Administración y usuarios,Sincronizar clientes y condiciones comerciales desde A+W,Existe a medias,"Definir campos maestros, prioridad de origen, conflictos y reconciliación",8,Dev 2,Por confirmar: mapear Dev 1/Dev 2 a Geovany/Uzziel,2026-10-01,2026-10-02,A+W; Crédito y cobranza; Facturación,Una actualización acordada en A+W llega al ERP y los conflictos quedan identificados,backend/src/Administracion; backend/src/Identidad; backend/src/Catalogos; backend/src/DatosMaestros; backend/src/Compartido,frontend/src/features/catalogos; frontend/src/routes,backend/tests/Administracion.UnitTests; backend/tests/Identidad.UnitTests; backend/tests/Catalogos.UnitTests; backend/tests/Api.IntegrationTests,Base de código candidata localizada; falta confirmar brecha e implementar/probar,Caso reproducible; dato usado; captura o log; pruebas automáticas aplicables; resultado de regresión; aprobación UAT del área,Pendiente
F1-ADM-07,Ola 1A · Fundaciones,Administración y usuarios,"Sincronizar productos, claves fiscales y unidades con A+W",Existe a medias,"Cerrar mapeo de claves, variantes, unidades SAT y tratamiento de bajas",8,Dev 2,Por confirmar: mapear Dev 1/Dev 2 a Geovany/Uzziel,2026-10-02,2026-10-05,A+W; Facturación; Producto terminado; Materia prima,Cada producto facturable tiene correspondencia única A+W–ERP–SAT,backend/src/Administracion; backend/src/Identidad; backend/src/Catalogos; backend/src/DatosMaestros; backend/src/Compartido,frontend/src/features/catalogos; frontend/src/routes,backend/tests/Administracion.UnitTests; backend/tests/Identidad.UnitTests; backend/tests/Catalogos.UnitTests; backend/tests/Api.IntegrationTests,Base de código candidata localizada; falta confirmar brecha e implementar/probar,Caso reproducible; dato usado; captura o log; pruebas automáticas aplicables; resultado de regresión; aprobación UAT del área,Pendiente
F1-ADM-08,Ola 1A · Fundaciones,Administración y usuarios,Administrar centros de costo y jerarquía organizacional,Existe a medias,"Definir jerarquía final, vigencias y reglas de uso obligatorio",6,Dev 1,Por confirmar: mapear Dev 1/Dev 2 a Geovany/Uzziel,2026-10-02,2026-10-05,Contabilidad; Compras; Cuentas por pagar,Toda operación que lo requiera acepta sólo centros vigentes de la empresa correcta,backend/src/Administracion; backend/src/Identidad; backend/src/Catalogos; backend/src/DatosMaestros; backend/src/Compartido,frontend/src/features/catalogos; frontend/src/routes,backend/tests/Administracion.UnitTests; backend/tests/Identidad.UnitTests; backend/tests/Catalogos.UnitTests; backend/tests/Api.IntegrationTests,Base de código candidata localizada; falta confirmar brecha e implementar/probar,Caso reproducible; dato usado; captura o log; pruebas automáticas aplicables; resultado de regresión; aprobación UAT del área,Pendiente
F1-ADM-09,Ola 1A · Fundaciones,Administración y usuarios,"Configurar PAC, certificados, series y parámetros fiscales por empresa",Existe a medias,"Instalar configuración productiva, certificados vigentes y prueba controlada por empresa",6,Dev 1,Por confirmar: mapear Dev 1/Dev 2 a Geovany/Uzziel,2026-10-05,2026-10-05,PAC; SAT; Facturación y fiscal,"Cada empresa timbra con su certificado, serie y ambiente autorizados",backend/src/Administracion; backend/src/Identidad; backend/src/Catalogos; backend/src/DatosMaestros; backend/src/Compartido,frontend/src/features/catalogos; frontend/src/routes,backend/tests/Administracion.UnitTests; backend/tests/Identidad.UnitTests; backend/tests/Catalogos.UnitTests; backend/tests/Api.IntegrationTests,Base de código candidata localizada; falta confirmar brecha e implementar/probar,Caso reproducible; dato usado; captura o log; pruebas automáticas aplicables; resultado de regresión; aprobación UAT del área,Pendiente
F1-ADM-10,Ola 1A · Fundaciones,Administración y usuarios,"Mostrar inicio, navegación y accesos rápidos según permisos",Ya existe y funciona,--,0,Dev 1 y Dev 2,Geovany y Uzziel,2026-09-28,2026-09-28,Todos los módulos,El menú oculta opciones no autorizadas y abre las funciones permitidas,backend/src/Administracion; backend/src/Identidad; backend/src/Catalogos; backend/src/DatosMaestros; backend/src/Compartido,frontend/src/features/catalogos; frontend/src/routes,backend/tests/Administracion.UnitTests; backend/tests/Identidad.UnitTests; backend/tests/Catalogos.UnitTests; backend/tests/Api.IntegrationTests,"Código candidato localizado; falta ejecutar el caso, documentar evidencia, regresión y UAT",Caso reproducible; dato usado; captura o log; pruebas automáticas aplicables; resultado de regresión; aprobación UAT del área,Pendiente
F1-ADM-11,Ola 1A · Fundaciones,Administración y usuarios,Adjuntar y consultar documentos con metadatos y control de acceso,Ya existe y funciona,--,0,Dev 1 y Dev 2,Geovany y Uzziel,2026-09-28,2026-09-28,Todos los módulos,Un documento queda ligado al registro correcto y respeta sus permisos,backend/src/Administracion; backend/src/Identidad; backend/src/Catalogos; backend/src/DatosMaestros; backend/src/Compartido,frontend/src/features/catalogos; frontend/src/routes,backend/tests/Administracion.UnitTests; backend/tests/Identidad.UnitTests; backend/tests/Catalogos.UnitTests; backend/tests/Api.IntegrationTests,"Código candidato localizado; falta ejecutar el caso, documentar evidencia, regresión y UAT",Caso reproducible; dato usado; captura o log; pruebas automáticas aplicables; resultado de regresión; aprobación UAT del área,Pendiente
F1-ADM-12,Ola 1A · Fundaciones,Administración y usuarios,Aplicar segregación de datos y configuración independiente para las dos empresas,Existe a medias,"Completar pruebas de aislamiento, parámetros y reportes por empresa",6,Dev 1 y Dev 2,Geovany y Uzziel,2026-09-29,2026-09-29,Todos los módulos,No se consultan ni contabilizan registros de otra empresa sin autorización explícita,backend/src/Administracion; backend/src/Identidad; backend/src/Catalogos; backend/src/DatosMaestros; backend/src/Compartido,frontend/src/features/catalogos; frontend/src/routes,backend/tests/Administracion.UnitTests; backend/tests/Identidad.UnitTests; backend/tests/Catalogos.UnitTests; backend/tests/Api.IntegrationTests,Base de código candidata localizada; falta confirmar brecha e implementar/probar,Caso reproducible; dato usado; captura o log; pruebas automáticas aplicables; resultado de regresión; aprobación UAT del área,Pendiente
F1-COM-01,Ola 1B-1 · Abastecimiento e inventario,Compras,"Consultar requisiciones, detalle, autorizaciones y saldo por comprar",Ya existe y funciona,--,0,Dev 1,Por confirmar: mapear Dev 1/Dev 2 a Geovany/Uzziel,2026-10-07,2026-10-07,Sistema de requisiciones; Administración y usuarios,"La requisición se consulta con partidas, autorizaciones y saldo disponible",backend/src/Compras,frontend/src/features/compras,backend/tests/Compras.UnitTests; backend/tests/Compras.IntegrationTests,"Código candidato localizado; falta ejecutar el caso, documentar evidencia, regresión y UAT",Caso reproducible; dato usado; captura o log; pruebas automáticas aplicables; resultado de regresión; aprobación UAT del área,Pendiente
F1-COM-02,Ola 1B-1 · Abastecimiento e inventario,Compras,Registrar y comparar cotizaciones de proveedores,Ya existe y funciona,--,0,Dev 1,Por confirmar: mapear Dev 1/Dev 2 a Geovany/Uzziel,2026-10-07,2026-10-07,Proveedores; requisición,Se comparan alternativas vigentes para las mismas partidas,backend/src/Compras,frontend/src/features/compras,backend/tests/Compras.UnitTests; backend/tests/Compras.IntegrationTests,"Código candidato localizado; falta ejecutar el caso, documentar evidencia, regresión y UAT",Caso reproducible; dato usado; captura o log; pruebas automáticas aplicables; resultado de regresión; aprobación UAT del área,Pendiente
F1-COM-03,Ola 1B-1 · Abastecimiento e inventario,Compras,Crear orden de compra desde requisición sin exceder el saldo,Ya existe y funciona,--,0,Dev 1,Por confirmar: mapear Dev 1/Dev 2 a Geovany/Uzziel,2026-10-07,2026-10-07,Sistema de requisiciones; Almacén de insumos,La orden descuenta el saldo disponible y rechaza excedentes,backend/src/Compras,frontend/src/features/compras,backend/tests/Compras.UnitTests; backend/tests/Compras.IntegrationTests,"Código candidato localizado; falta ejecutar el caso, documentar evidencia, regresión y UAT",Caso reproducible; dato usado; captura o log; pruebas automáticas aplicables; resultado de regresión; aprobación UAT del área,Pendiente
F1-COM-04,Ola 1B-1 · Abastecimiento e inventario,Compras,Crear orden de compra sin requisición con autorización requerida,Ya existe y funciona,--,0,Dev 1,Por confirmar: mapear Dev 1/Dev 2 a Geovany/Uzziel,2026-10-07,2026-10-07,Administración y usuarios,La excepción no se libera sin motivo y autorizador válido,backend/src/Compras,frontend/src/features/compras,backend/tests/Compras.UnitTests; backend/tests/Compras.IntegrationTests,"Código candidato localizado; falta ejecutar el caso, documentar evidencia, regresión y UAT",Caso reproducible; dato usado; captura o log; pruebas automáticas aplicables; resultado de regresión; aprobación UAT del área,Pendiente
F1-COM-05,Ola 1B-1 · Abastecimiento e inventario,Compras,Autorizar orden de compra y segunda firma cuando corresponda,Ya existe y funciona,--,0,Dev 1,Por confirmar: mapear Dev 1/Dev 2 a Geovany/Uzziel,2026-10-07,2026-10-07,Administración y usuarios,La orden cambia a liberada sólo con las firmas aplicables,backend/src/Compras,frontend/src/features/compras,backend/tests/Compras.UnitTests; backend/tests/Compras.IntegrationTests,"Código candidato localizado; falta ejecutar el caso, documentar evidencia, regresión y UAT",Caso reproducible; dato usado; captura o log; pruebas automáticas aplicables; resultado de regresión; aprobación UAT del área,Pendiente
F1-COM-06,Ola 1B-1 · Abastecimiento e inventario,Compras,"Controlar subestados de compra, recepción, factura y cierre automático",Existe a medias,Completar cálculo de subestados y cierre con entregas y facturas parciales,5,Dev 1,Por confirmar: mapear Dev 1/Dev 2 a Geovany/Uzziel,2026-10-07,2026-10-07,Almacén de insumos; Cuentas por pagar,"El estado refleja compras, recepciones y facturas; cierra sólo con saldos en cero",backend/src/Compras,frontend/src/features/compras,backend/tests/Compras.UnitTests; backend/tests/Compras.IntegrationTests,Base de código candidata localizada; falta confirmar brecha e implementar/probar,Caso reproducible; dato usado; captura o log; pruebas automáticas aplicables; resultado de regresión; aprobación UAT del área,Pendiente
F1-COM-07,Ola 1B-1 · Abastecimiento e inventario,Compras,"Registrar entregas parciales, incidencias y compromisos del proveedor",Existe a medias,"Completar incidencias, nueva fecha compromiso y alertas de atraso",4,Dev 1,Por confirmar: mapear Dev 1/Dev 2 a Geovany/Uzziel,2026-10-07,2026-10-08,Almacén de insumos,"Cada entrega parcial conserva saldo, incidencia y fecha compromiso",backend/src/Compras,frontend/src/features/compras,backend/tests/Compras.UnitTests; backend/tests/Compras.IntegrationTests,Base de código candidata localizada; falta confirmar brecha e implementar/probar,Caso reproducible; dato usado; captura o log; pruebas automáticas aplicables; resultado de regresión; aprobación UAT del área,Pendiente
F1-COM-08,Ola 1B-1 · Abastecimiento e inventario,Compras,Cancelar una orden conservando autorización y motivo,Existe a medias,"Completar segunda firma, efecto sobre saldos y notificación a módulos relacionados",4,Dev 1,Por confirmar: mapear Dev 1/Dev 2 a Geovany/Uzziel,2026-10-08,2026-10-08,Administración y usuarios; Almacén; Cuentas por pagar,La cancelación restituye saldos aplicables y conserva evidencia de autorización,backend/src/Compras,frontend/src/features/compras,backend/tests/Compras.UnitTests; backend/tests/Compras.IntegrationTests,Base de código candidata localizada; falta confirmar brecha e implementar/probar,Caso reproducible; dato usado; captura o log; pruebas automáticas aplicables; resultado de regresión; aprobación UAT del área,Pendiente
F1-COM-09,Ola 1B-1 · Abastecimiento e inventario,Compras,Generar compras de materia prima en ERP y transmitirlas a A+W,No existe,--,10,Dev 1,Por confirmar: mapear Dev 1/Dev 2 a Geovany/Uzziel,2026-10-08,2026-10-12,Materia prima; A+W,Una orden liberada se transmite una sola vez y devuelve identificador y resultado,backend/src/Compras,frontend/src/features/compras,backend/tests/Compras.UnitTests; backend/tests/Compras.IntegrationTests,"Construcción pendiente; rutas son puntos de integración, no evidencia de funcionalidad terminada",Caso reproducible; dato usado; captura o log; pruebas automáticas aplicables; resultado de regresión; aprobación UAT del área,Pendiente
F1-COM-10,Ola 1B-1 · Abastecimiento e inventario,Compras,Emitir orden de compra en PDF y enviarla al proveedor,Ya existe y funciona,--,0,Dev 1,Por confirmar: mapear Dev 1/Dev 2 a Geovany/Uzziel,2026-10-07,2026-10-07,Proveedor; servicio de correo,El PDF coincide con la orden liberada y queda evidencia del envío,backend/src/Compras,frontend/src/features/compras,backend/tests/Compras.UnitTests; backend/tests/Compras.IntegrationTests,"Código candidato localizado; falta ejecutar el caso, documentar evidencia, regresión y UAT",Caso reproducible; dato usado; captura o log; pruebas automáticas aplicables; resultado de regresión; aprobación UAT del área,Pendiente
F1-COM-11,Ola 1B-1 · Abastecimiento e inventario,Compras,Confirmar recepción de la orden por parte del proveedor,Existe a medias,"Agregar confirmación, rechazo, fecha prometida y seguimiento",3,Dev 1,Por confirmar: mapear Dev 1/Dev 2 a Geovany/Uzziel,2026-10-12,2026-10-12,Proveedor; servicio de correo,La orden muestra si el proveedor confirmó y la fecha comprometida,backend/src/Compras,frontend/src/features/compras,backend/tests/Compras.UnitTests; backend/tests/Compras.IntegrationTests,Base de código candidata localizada; falta confirmar brecha e implementar/probar,Caso reproducible; dato usado; captura o log; pruebas automáticas aplicables; resultado de regresión; aprobación UAT del área,Pendiente
F1-COM-12,Ola 1B-1 · Abastecimiento e inventario,Compras,"Consultar trazabilidad de requisición, orden, recepción, factura y pago",Existe a medias,Completar vínculos navegables y reporte de excepciones,2,Dev 1,Por confirmar: mapear Dev 1/Dev 2 a Geovany/Uzziel,2026-10-12,2026-10-13,Almacén; Cuentas por pagar; Tesorería,Desde cualquier documento se llega a sus antecedentes y consecuencias,backend/src/Compras,frontend/src/features/compras,backend/tests/Compras.UnitTests; backend/tests/Compras.IntegrationTests,Base de código candidata localizada; falta confirmar brecha e implementar/probar,Caso reproducible; dato usado; captura o log; pruebas automáticas aplicables; resultado de regresión; aprobación UAT del área,Pendiente
F1-COM-13,Ola 1B-1 · Abastecimiento e inventario,Compras,"Analizar compras, saldos pendientes y cumplimiento de proveedores",Existe a medias,"Completar indicadores y filtros acordados por empresa, proveedor y periodo",3,Dev 1,Por confirmar: mapear Dev 1/Dev 2 a Geovany/Uzziel,2026-10-13,2026-10-13,Almacén; proveedores,El reporte concilia con órdenes y recepciones del periodo,backend/src/Compras,frontend/src/features/compras,backend/tests/Compras.UnitTests; backend/tests/Compras.IntegrationTests,Base de código candidata localizada; falta confirmar brecha e implementar/probar,Caso reproducible; dato usado; captura o log; pruebas automáticas aplicables; resultado de regresión; aprobación UAT del área,Pendiente
F1-ALM-01,Ola 1B-1 · Abastecimiento e inventario,Almacén de insumos,"Administrar almacenes, ubicaciones y artículos de insumo",Ya existe y funciona,--,0,Dev 2,Por confirmar: mapear Dev 1/Dev 2 a Geovany/Uzziel,2026-10-07,2026-10-07,Administración y usuarios,Los movimientos usan artículos y ubicaciones vigentes,backend/src/Almacen,frontend/src/features/almacen,backend/tests/Almacen.UnitTests; backend/tests/Api.IntegrationTests,"Código candidato localizado; falta ejecutar el caso, documentar evidencia, regresión y UAT",Caso reproducible; dato usado; captura o log; pruebas automáticas aplicables; resultado de regresión; aprobación UAT del área,Pendiente
F1-ALM-02,Ola 1B-1 · Abastecimiento e inventario,Almacén de insumos,Registrar recepción contra orden y factura de proveedor,Ya existe y funciona,--,0,Dev 2,Por confirmar: mapear Dev 1/Dev 2 a Geovany/Uzziel,2026-10-07,2026-10-07,Compras; Cuentas por pagar,La recepción queda ligada a la orden y a la factura correspondiente,backend/src/Almacen,frontend/src/features/almacen,backend/tests/Almacen.UnitTests; backend/tests/Api.IntegrationTests,"Código candidato localizado; falta ejecutar el caso, documentar evidencia, regresión y UAT",Caso reproducible; dato usado; captura o log; pruebas automáticas aplicables; resultado de regresión; aprobación UAT del área,Pendiente
F1-ALM-03,Ola 1B-1 · Abastecimiento e inventario,Almacén de insumos,Registrar recepción por packing list y completar factura después,Ya existe y funciona,--,0,Dev 2,Por confirmar: mapear Dev 1/Dev 2 a Geovany/Uzziel,2026-10-07,2026-10-07,Compras; Cuentas por pagar,Se recibe con packing list y después se asocia la factura sin duplicar inventario,backend/src/Almacen,frontend/src/features/almacen,backend/tests/Almacen.UnitTests; backend/tests/Api.IntegrationTests,"Código candidato localizado; falta ejecutar el caso, documentar evidencia, regresión y UAT",Caso reproducible; dato usado; captura o log; pruebas automáticas aplicables; resultado de regresión; aprobación UAT del área,Pendiente
F1-ALM-04,Ola 1B-1 · Abastecimiento e inventario,Almacén de insumos,"Manejar entregas parciales, diferencias y cuarentena",Existe a medias,"Completar tolerancias, cuarentena, liberación y rechazo parcial",8,Dev 2,Por confirmar: mapear Dev 1/Dev 2 a Geovany/Uzziel,2026-10-07,2026-10-08,Compras; Calidad,El material observado no queda disponible hasta su liberación,backend/src/Almacen,frontend/src/features/almacen,backend/tests/Almacen.UnitTests; backend/tests/Api.IntegrationTests,Base de código candidata localizada; falta confirmar brecha e implementar/probar,Caso reproducible; dato usado; captura o log; pruebas automáticas aplicables; resultado de regresión; aprobación UAT del área,Pendiente
F1-ALM-05,Ola 1B-1 · Abastecimiento e inventario,Almacén de insumos,"Validar tolerancia de cantidad entre orden, recepción y factura",Existe a medias,"Agregar regla de cantidad, bloqueo y flujo de excepción autorizado",4,Dev 2,Por confirmar: mapear Dev 1/Dev 2 a Geovany/Uzziel,2026-10-08,2026-10-08,Compras; Cuentas por pagar,Fuera de tolerancia se bloquea el documento y dentro de tolerancia concilia,backend/src/Almacen,frontend/src/features/almacen,backend/tests/Almacen.UnitTests; backend/tests/Api.IntegrationTests,Base de código candidata localizada; falta confirmar brecha e implementar/probar,Caso reproducible; dato usado; captura o log; pruebas automáticas aplicables; resultado de regresión; aprobación UAT del área,Pendiente
F1-ALM-06,Ola 1B-1 · Abastecimiento e inventario,Almacén de insumos,Registrar salida normal contra requisición autorizada,Ya existe y funciona,--,0,Dev 2,Por confirmar: mapear Dev 1/Dev 2 a Geovany/Uzziel,2026-10-07,2026-10-07,Sistema de requisiciones,La salida no supera el saldo autorizado y actualiza existencias,backend/src/Almacen,frontend/src/features/almacen,backend/tests/Almacen.UnitTests; backend/tests/Api.IntegrationTests,"Código candidato localizado; falta ejecutar el caso, documentar evidencia, regresión y UAT",Caso reproducible; dato usado; captura o log; pruebas automáticas aplicables; resultado de regresión; aprobación UAT del área,Pendiente
F1-ALM-07,Ola 1B-1 · Abastecimiento e inventario,Almacén de insumos,Registrar salida urgente con vale y regularización posterior,Existe a medias,"Completar vencimiento, alertas y bloqueo por vales sin regularizar",3,Dev 2,Por confirmar: mapear Dev 1/Dev 2 a Geovany/Uzziel,2026-10-08,2026-10-09,Administración y usuarios; sistema de requisiciones,El vale queda pendiente hasta ligarse a una requisición autorizada,backend/src/Almacen,frontend/src/features/almacen,backend/tests/Almacen.UnitTests; backend/tests/Api.IntegrationTests,Base de código candidata localizada; falta confirmar brecha e implementar/probar,Caso reproducible; dato usado; captura o log; pruebas automáticas aplicables; resultado de regresión; aprobación UAT del área,Pendiente
F1-ALM-08,Ola 1B-1 · Abastecimiento e inventario,Almacén de insumos,Registrar devoluciones internas y a proveedor,Ya existe y funciona,--,0,Dev 2,Por confirmar: mapear Dev 1/Dev 2 a Geovany/Uzziel,2026-10-07,2026-10-07,Compras; Cuentas por pagar,La devolución revierte existencias y conserva el documento origen,backend/src/Almacen,frontend/src/features/almacen,backend/tests/Almacen.UnitTests; backend/tests/Api.IntegrationTests,"Código candidato localizado; falta ejecutar el caso, documentar evidencia, regresión y UAT",Caso reproducible; dato usado; captura o log; pruebas automáticas aplicables; resultado de regresión; aprobación UAT del área,Pendiente
F1-ALM-09,Ola 1B-1 · Abastecimiento e inventario,Almacén de insumos,Realizar conteos físicos y ajustes autorizados,Ya existe y funciona,--,0,Dev 2,Por confirmar: mapear Dev 1/Dev 2 a Geovany/Uzziel,2026-10-07,2026-10-07,Administración y usuarios,La diferencia genera un ajuste autorizado y auditable,backend/src/Almacen,frontend/src/features/almacen,backend/tests/Almacen.UnitTests; backend/tests/Api.IntegrationTests,"Código candidato localizado; falta ejecutar el caso, documentar evidencia, regresión y UAT",Caso reproducible; dato usado; captura o log; pruebas automáticas aplicables; resultado de regresión; aprobación UAT del área,Pendiente
F1-ALM-10,Ola 1B-1 · Abastecimiento e inventario,Almacén de insumos,"Calcular reorden por mínimos, máximos y consumo",Ya existe y funciona,--,0,Dev 2,Por confirmar: mapear Dev 1/Dev 2 a Geovany/Uzziel,2026-10-07,2026-10-07,Compras,El reporte propone reposición con parámetros vigentes,backend/src/Almacen,frontend/src/features/almacen,backend/tests/Almacen.UnitTests; backend/tests/Api.IntegrationTests,"Código candidato localizado; falta ejecutar el caso, documentar evidencia, regresión y UAT",Caso reproducible; dato usado; captura o log; pruebas automáticas aplicables; resultado de regresión; aprobación UAT del área,Pendiente
F1-ALM-11,Ola 1B-1 · Abastecimiento e inventario,Almacén de insumos,Cerrar inventario mensual y bloquear periodos,Existe a medias,"Completar bloqueo, reapertura autorizada y conciliación con contabilidad",5,Dev 2,Por confirmar: mapear Dev 1/Dev 2 a Geovany/Uzziel,2026-10-09,2026-10-09,Contabilidad,Después del cierre no se registran movimientos retroactivos sin reapertura,backend/src/Almacen,frontend/src/features/almacen,backend/tests/Almacen.UnitTests; backend/tests/Api.IntegrationTests,Base de código candidata localizada; falta confirmar brecha e implementar/probar,Caso reproducible; dato usado; captura o log; pruebas automáticas aplicables; resultado de regresión; aprobación UAT del área,Pendiente
F1-ALM-12,Ola 1B-1 · Abastecimiento e inventario,Almacén de insumos,Registrar merma por etapa y motivo,No existe,--,8,Dev 2,Por confirmar: mapear Dev 1/Dev 2 a Geovany/Uzziel,2026-10-09,2026-10-13,Materia prima; Producto terminado; Contabilidad,"La merma reduce inventario, se clasifica por etapa y conserva autorización",backend/src/Almacen,frontend/src/features/almacen,backend/tests/Almacen.UnitTests; backend/tests/Api.IntegrationTests,"Construcción pendiente; rutas son puntos de integración, no evidencia de funcionalidad terminada",Caso reproducible; dato usado; captura o log; pruebas automáticas aplicables; resultado de regresión; aprobación UAT del área,Pendiente
F1-ALM-13,Ola 1B-1 · Abastecimiento e inventario,Almacén de insumos,Valuar inventario y revaluar existencias pendientes,Existe a medias,"Completar método acordado, revaluación y trazabilidad del ajuste",7,Dev 2,Por confirmar: mapear Dev 1/Dev 2 a Geovany/Uzziel,2026-10-13,2026-10-14,Compras; Contabilidad,La revaluación afecta sólo existencia pendiente y deja póliza y detalle,backend/src/Almacen,frontend/src/features/almacen,backend/tests/Almacen.UnitTests; backend/tests/Api.IntegrationTests,Base de código candidata localizada; falta confirmar brecha e implementar/probar,Caso reproducible; dato usado; captura o log; pruebas automáticas aplicables; resultado de regresión; aprobación UAT del área,Pendiente
F1-ALM-14,Ola 1B-1 · Abastecimiento e inventario,Almacén de insumos,Sincronizar existencias y movimientos relevantes con A+W,Existe a medias,"Cerrar eventos, idempotencia, reintentos y conciliación operativa",10,Dev 2,Por confirmar: mapear Dev 1/Dev 2 a Geovany/Uzziel,2026-10-14,2026-10-15,A+W; Materia prima,Cada evento se procesa una vez y las diferencias quedan en una bandeja conciliable,backend/src/Almacen,frontend/src/features/almacen,backend/tests/Almacen.UnitTests; backend/tests/Api.IntegrationTests,Base de código candidata localizada; falta confirmar brecha e implementar/probar,Caso reproducible; dato usado; captura o log; pruebas automáticas aplicables; resultado de regresión; aprobación UAT del área,Pendiente
F1-ALM-15,Ola 1B-1 · Abastecimiento e inventario,Almacén de insumos,"Consultar kardex, existencias, movimientos y excepciones",Existe a medias,"Completar filtros, exportación y conciliación con cierres",4,Dev 2,Por confirmar: mapear Dev 1/Dev 2 a Geovany/Uzziel,2026-10-15,2026-10-16,Contabilidad,El saldo inicial más entradas menos salidas coincide con la existencia final,backend/src/Almacen,frontend/src/features/almacen,backend/tests/Almacen.UnitTests; backend/tests/Api.IntegrationTests,Base de código candidata localizada; falta confirmar brecha e implementar/probar,Caso reproducible; dato usado; captura o log; pruebas automáticas aplicables; resultado de regresión; aprobación UAT del área,Pendiente
F1-MP-01,Ola 1B-1 · Abastecimiento e inventario,Materia prima,"Administrar catálogo de materias primas, variantes y unidades",Existe a medias,"Completar atributos, equivalencias y gobierno de claves",5,Dev 2,Por confirmar: mapear Dev 1/Dev 2 a Geovany/Uzziel,2026-10-16,2026-10-16,A+W; Administración y usuarios,Cada material tiene identidad única y equivalencias validadas,backend/src/Almacen; backend/src/Integraciones.Aw,frontend/src/features/almacen,backend/tests/Almacen.UnitTests; backend/tests/Integraciones.Aw.UnitTests; backend/tests/Integraciones.Aw.IntegrationTests,Base de código candidata localizada; falta confirmar brecha e implementar/probar,Caso reproducible; dato usado; captura o log; pruebas automáticas aplicables; resultado de regresión; aprobación UAT del área,Pendiente
F1-MP-02,Ola 1B-1 · Abastecimiento e inventario,Materia prima,Recibir necesidades de materia prima desde producción A+W,No existe,--,8,Dev 2,Por confirmar: mapear Dev 1/Dev 2 a Geovany/Uzziel,2026-10-16,2026-10-19,A+W,"La necesidad importada conserva pedido, material, cantidad y fecha sin duplicarse",backend/src/Almacen; backend/src/Integraciones.Aw,frontend/src/features/almacen,backend/tests/Almacen.UnitTests; backend/tests/Integraciones.Aw.UnitTests; backend/tests/Integraciones.Aw.IntegrationTests,"Construcción pendiente; rutas son puntos de integración, no evidencia de funcionalidad terminada",Caso reproducible; dato usado; captura o log; pruebas automáticas aplicables; resultado de regresión; aprobación UAT del área,Pendiente
F1-MP-03,Ola 1B-1 · Abastecimiento e inventario,Materia prima,Convertir necesidades en requisición y orden de compra,No existe,--,7,Dev 2,Por confirmar: mapear Dev 1/Dev 2 a Geovany/Uzziel,2026-10-19,2026-10-20,Compras; A+W,Una necesidad autorizada genera compra y conserva saldo pendiente,backend/src/Almacen; backend/src/Integraciones.Aw,frontend/src/features/almacen,backend/tests/Almacen.UnitTests; backend/tests/Integraciones.Aw.UnitTests; backend/tests/Integraciones.Aw.IntegrationTests,"Construcción pendiente; rutas son puntos de integración, no evidencia de funcionalidad terminada",Caso reproducible; dato usado; captura o log; pruebas automáticas aplicables; resultado de regresión; aprobación UAT del área,Pendiente
F1-MP-04,Ola 1B-1 · Abastecimiento e inventario,Materia prima,Registrar recepción de material directo por orden o packing list,Ya existe y funciona,--,0,Dev 2,Por confirmar: mapear Dev 1/Dev 2 a Geovany/Uzziel,2026-10-16,2026-10-16,Compras; Almacén de insumos,La recepción incrementa existencia y conserva el documento de origen,backend/src/Almacen; backend/src/Integraciones.Aw,frontend/src/features/almacen,backend/tests/Almacen.UnitTests; backend/tests/Integraciones.Aw.UnitTests; backend/tests/Integraciones.Aw.IntegrationTests,"Código candidato localizado; falta ejecutar el caso, documentar evidencia, regresión y UAT",Caso reproducible; dato usado; captura o log; pruebas automáticas aplicables; resultado de regresión; aprobación UAT del área,Pendiente
F1-MP-05,Ola 1B-1 · Abastecimiento e inventario,Materia prima,"Controlar lotes, ubicaciones y disponibilidad para producción",Existe a medias,"Completar reglas de lote, reserva y disponibilidad por planta",6,Dev 2,Por confirmar: mapear Dev 1/Dev 2 a Geovany/Uzziel,2026-10-20,2026-10-21,Almacén de insumos; A+W,"La disponibilidad excluye material reservado, bloqueado o en cuarentena",backend/src/Almacen; backend/src/Integraciones.Aw,frontend/src/features/almacen,backend/tests/Almacen.UnitTests; backend/tests/Integraciones.Aw.UnitTests; backend/tests/Integraciones.Aw.IntegrationTests,Base de código candidata localizada; falta confirmar brecha e implementar/probar,Caso reproducible; dato usado; captura o log; pruebas automáticas aplicables; resultado de regresión; aprobación UAT del área,Pendiente
F1-MP-06,Ola 1B-1 · Abastecimiento e inventario,Materia prima,Valuar entrada por orden y revaluar el remanente,No existe,--,8,Dev 2,Por confirmar: mapear Dev 1/Dev 2 a Geovany/Uzziel,2026-10-21,2026-10-22,Compras; Contabilidad,La revaluación afecta sólo el remanente y se puede rastrear a la orden,backend/src/Almacen; backend/src/Integraciones.Aw,frontend/src/features/almacen,backend/tests/Almacen.UnitTests; backend/tests/Integraciones.Aw.UnitTests; backend/tests/Integraciones.Aw.IntegrationTests,"Construcción pendiente; rutas son puntos de integración, no evidencia de funcionalidad terminada",Caso reproducible; dato usado; captura o log; pruebas automáticas aplicables; resultado de regresión; aprobación UAT del área,Pendiente
F1-MP-07,Ola 1B-1 · Abastecimiento e inventario,Materia prima,Reservar y descontar consumo informado por A+W,No existe,--,8,Dev 2,Por confirmar: mapear Dev 1/Dev 2 a Geovany/Uzziel,2026-10-22,2026-10-23,A+W; Almacén de insumos,El consumo disminuye una vez el lote correcto y se concilia con el pedido,backend/src/Almacen; backend/src/Integraciones.Aw,frontend/src/features/almacen,backend/tests/Almacen.UnitTests; backend/tests/Integraciones.Aw.UnitTests; backend/tests/Integraciones.Aw.IntegrationTests,"Construcción pendiente; rutas son puntos de integración, no evidencia de funcionalidad terminada",Caso reproducible; dato usado; captura o log; pruebas automáticas aplicables; resultado de regresión; aprobación UAT del área,Pendiente
F1-MP-08,Ola 1B-1 · Abastecimiento e inventario,Materia prima,Registrar merma en kilos con motivo y valor,No existe,--,4,Dev 2,Por confirmar: mapear Dev 1/Dev 2 a Geovany/Uzziel,2026-10-23,2026-10-26,A+W; Contabilidad,"La merma reduce existencia, calcula valor y queda autorizada",backend/src/Almacen; backend/src/Integraciones.Aw,frontend/src/features/almacen,backend/tests/Almacen.UnitTests; backend/tests/Integraciones.Aw.UnitTests; backend/tests/Integraciones.Aw.IntegrationTests,"Construcción pendiente; rutas son puntos de integración, no evidencia de funcionalidad terminada",Caso reproducible; dato usado; captura o log; pruebas automáticas aplicables; resultado de regresión; aprobación UAT del área,Pendiente
F1-MP-09,Ola 1B-1 · Abastecimiento e inventario,Materia prima,"Consultar trazabilidad de compra, lote, consumo, merma y saldo",No existe,--,3,Dev 2,Por confirmar: mapear Dev 1/Dev 2 a Geovany/Uzziel,2026-10-26,2026-10-26,A+W; Compras; Contabilidad,El saldo se explica desde la compra hasta consumo o merma,backend/src/Almacen; backend/src/Integraciones.Aw,frontend/src/features/almacen,backend/tests/Almacen.UnitTests; backend/tests/Integraciones.Aw.UnitTests; backend/tests/Integraciones.Aw.IntegrationTests,"Construcción pendiente; rutas son puntos de integración, no evidencia de funcionalidad terminada",Caso reproducible; dato usado; captura o log; pruebas automáticas aplicables; resultado de regresión; aprobación UAT del área,Pendiente
F1-CXP-01,Ola 1B-2 · Pasivo y comercio exterior mínimo,Cuentas por pagar,Registrar factura de proveedor contra recepción,Existe a medias,Completar validación de tolerancia en cantidad y manejo uniforme de parciales,4,Dev 1,Por confirmar: mapear Dev 1/Dev 2 a Geovany/Uzziel,2026-10-13,2026-10-14,Almacén de insumos; Compras,La factura queda ligada a la recepción y genera el pasivo correcto,backend/src/CuentasPorPagar,frontend/src/features/cxp,backend/tests/CuentasPorPagar.UnitTests; backend/tests/Api.IntegrationTests,Base de código candidata localizada; falta confirmar brecha e implementar/probar,Caso reproducible; dato usado; captura o log; pruebas automáticas aplicables; resultado de regresión; aprobación UAT del área,Pendiente
F1-CXP-02,Ola 1B-2 · Pasivo y comercio exterior mínimo,Cuentas por pagar,"Validar orden, recepción y factura con tolerancias independientes",Existe a medias,"Agregar tolerancia de cantidad, excepciones y bloqueo sin sobreescritura",8,Dev 1,Por confirmar: mapear Dev 1/Dev 2 a Geovany/Uzziel,2026-10-14,2026-10-15,Compras; Almacén de insumos,Cada diferencia se evalúa por su regla y las excepciones quedan autorizadas,backend/src/CuentasPorPagar,frontend/src/features/cxp,backend/tests/CuentasPorPagar.UnitTests; backend/tests/Api.IntegrationTests,Base de código candidata localizada; falta confirmar brecha e implementar/probar,Caso reproducible; dato usado; captura o log; pruebas automáticas aplicables; resultado de regresión; aprobación UAT del área,Pendiente
F1-CXP-03,Ola 1B-2 · Pasivo y comercio exterior mínimo,Cuentas por pagar,Registrar servicios y gastos sin orden con autorización,Ya existe y funciona,--,0,Dev 1,Por confirmar: mapear Dev 1/Dev 2 a Geovany/Uzziel,2026-10-13,2026-10-13,Administración y usuarios,"El gasto sin orden queda clasificado, autorizado y genera pasivo",backend/src/CuentasPorPagar,frontend/src/features/cxp,backend/tests/CuentasPorPagar.UnitTests; backend/tests/Api.IntegrationTests,"Código candidato localizado; falta ejecutar el caso, documentar evidencia, regresión y UAT",Caso reproducible; dato usado; captura o log; pruebas automáticas aplicables; resultado de regresión; aprobación UAT del área,Pendiente
F1-CXP-04,Ola 1B-2 · Pasivo y comercio exterior mínimo,Cuentas por pagar,Registrar gastos de comercio exterior y distribuirlos,Ya existe y funciona,--,0,Dev 1,Por confirmar: mapear Dev 1/Dev 2 a Geovany/Uzziel,2026-10-13,2026-10-13,Comercio exterior; Contabilidad,El gasto se liga al expediente y conserva su distribución,backend/src/CuentasPorPagar,frontend/src/features/cxp,backend/tests/CuentasPorPagar.UnitTests; backend/tests/Api.IntegrationTests,"Código candidato localizado; falta ejecutar el caso, documentar evidencia, regresión y UAT",Caso reproducible; dato usado; captura o log; pruebas automáticas aplicables; resultado de regresión; aprobación UAT del área,Pendiente
F1-CXP-05,Ola 1B-2 · Pasivo y comercio exterior mínimo,Cuentas por pagar,Recibir y validar CFDI desde buzón y SAT,Existe a medias,"Completar descarga, vigencia SAT, duplicados y asociación automática",8,Dev 1,Por confirmar: mapear Dev 1/Dev 2 a Geovany/Uzziel,2026-10-15,2026-10-16,SAT; buzón fiscal,Sólo se registra un UUID vigente y las inconsistencias quedan señaladas,backend/src/CuentasPorPagar,frontend/src/features/cxp,backend/tests/CuentasPorPagar.UnitTests; backend/tests/Api.IntegrationTests,Base de código candidata localizada; falta confirmar brecha e implementar/probar,Caso reproducible; dato usado; captura o log; pruebas automáticas aplicables; resultado de regresión; aprobación UAT del área,Pendiente
F1-CXP-06,Ola 1B-2 · Pasivo y comercio exterior mínimo,Cuentas por pagar,Programar vencimientos y propuesta de pagos,Ya existe y funciona,--,0,Dev 1,Por confirmar: mapear Dev 1/Dev 2 a Geovany/Uzziel,2026-10-13,2026-10-13,Tesorería,La propuesta incluye sólo documentos elegibles y conserva selección,backend/src/CuentasPorPagar,frontend/src/features/cxp,backend/tests/CuentasPorPagar.UnitTests; backend/tests/Api.IntegrationTests,"Código candidato localizado; falta ejecutar el caso, documentar evidencia, regresión y UAT",Caso reproducible; dato usado; captura o log; pruebas automáticas aplicables; resultado de regresión; aprobación UAT del área,Pendiente
F1-CXP-07,Ola 1B-2 · Pasivo y comercio exterior mínimo,Cuentas por pagar,"Registrar anticipos, notas de crédito y compensaciones",Ya existe y funciona,--,0,Dev 1,Por confirmar: mapear Dev 1/Dev 2 a Geovany/Uzziel,2026-10-13,2026-10-13,Tesorería,La aplicación reduce saldos sin exceder el documento,backend/src/CuentasPorPagar,frontend/src/features/cxp,backend/tests/CuentasPorPagar.UnitTests; backend/tests/Api.IntegrationTests,"Código candidato localizado; falta ejecutar el caso, documentar evidencia, regresión y UAT",Caso reproducible; dato usado; captura o log; pruebas automáticas aplicables; resultado de regresión; aprobación UAT del área,Pendiente
F1-CXP-08,Ola 1B-2 · Pasivo y comercio exterior mínimo,Cuentas por pagar,Controlar IVA pendiente y trasladarlo a pagado,Existe a medias,"Completar cálculo por abono, póliza y conciliación fiscal",8,Dev 1,Por confirmar: mapear Dev 1/Dev 2 a Geovany/Uzziel,2026-10-16,2026-10-19,Tesorería; Contabilidad,Cada pago mueve sólo el IVA proporcional y concilia con la factura,backend/src/CuentasPorPagar,frontend/src/features/cxp,backend/tests/CuentasPorPagar.UnitTests; backend/tests/Api.IntegrationTests,Base de código candidata localizada; falta confirmar brecha e implementar/probar,Caso reproducible; dato usado; captura o log; pruebas automáticas aplicables; resultado de regresión; aprobación UAT del área,Pendiente
F1-CXP-09,Ola 1B-2 · Pasivo y comercio exterior mínimo,Cuentas por pagar,Calcular retenciones y monto neto a pagar,Existe a medias,"Completar matriz fiscal, redondeos y desglose al usuario",8,Dev 1,Por confirmar: mapear Dev 1/Dev 2 a Geovany/Uzziel,2026-10-19,2026-10-20,SAT; Tesorería; Contabilidad,"El neto coincide con subtotal, impuestos y retenciones aplicables",backend/src/CuentasPorPagar,frontend/src/features/cxp,backend/tests/CuentasPorPagar.UnitTests; backend/tests/Api.IntegrationTests,Base de código candidata localizada; falta confirmar brecha e implementar/probar,Caso reproducible; dato usado; captura o log; pruebas automáticas aplicables; resultado de regresión; aprobación UAT del área,Pendiente
F1-CXP-10,Ola 1B-2 · Pasivo y comercio exterior mínimo,Cuentas por pagar,Generar información para DIOT,Existe a medias,"Completar clasificación, validaciones y conciliación contra pagos",6,Dev 1,Por confirmar: mapear Dev 1/Dev 2 a Geovany/Uzziel,2026-10-20,2026-10-21,SAT; Contabilidad,La DIOT concilia con IVA pagado y proveedores del periodo,backend/src/CuentasPorPagar,frontend/src/features/cxp,backend/tests/CuentasPorPagar.UnitTests; backend/tests/Api.IntegrationTests,Base de código candidata localizada; falta confirmar brecha e implementar/probar,Caso reproducible; dato usado; captura o log; pruebas automáticas aplicables; resultado de regresión; aprobación UAT del área,Pendiente
F1-CXP-11,Ola 1B-2 · Pasivo y comercio exterior mínimo,Cuentas por pagar,Cerrar periodo y consultar antigüedad de saldos,Existe a medias,Completar bloqueo/reapertura y conciliación con mayor contable,4,Dev 1,Por confirmar: mapear Dev 1/Dev 2 a Geovany/Uzziel,2026-10-21,2026-10-21,Contabilidad,El auxiliar cerrado coincide con la cuenta contable de proveedores,backend/src/CuentasPorPagar,frontend/src/features/cxp,backend/tests/CuentasPorPagar.UnitTests; backend/tests/Api.IntegrationTests,Base de código candidata localizada; falta confirmar brecha e implementar/probar,Caso reproducible; dato usado; captura o log; pruebas automáticas aplicables; resultado de regresión; aprobación UAT del área,Pendiente
F1-CXP-12,Ola 1B-2 · Pasivo y comercio exterior mínimo,Cuentas por pagar,Revaluar saldos en moneda extranjera,Existe a medias,"Completar tipo de cambio, diferencia cambiaria y póliza",6,Dev 1,Por confirmar: mapear Dev 1/Dev 2 a Geovany/Uzziel,2026-10-21,2026-10-22,Banco de México/SAT; Contabilidad,La revaluación usa el tipo autorizado y genera diferencia trazable,backend/src/CuentasPorPagar,frontend/src/features/cxp,backend/tests/CuentasPorPagar.UnitTests; backend/tests/Api.IntegrationTests,Base de código candidata localizada; falta confirmar brecha e implementar/probar,Caso reproducible; dato usado; captura o log; pruebas automáticas aplicables; resultado de regresión; aprobación UAT del área,Pendiente
F1-CXP-13,Ola 1B-2 · Pasivo y comercio exterior mínimo,Cuentas por pagar,Generar pólizas y auxiliar contable de proveedores,No existe,--,6,Dev 1,Por confirmar: mapear Dev 1/Dev 2 a Geovany/Uzziel,2026-10-22,2026-10-23,Contabilidad,"Cada factura, nota y pago genera asiento balanceado y rastreable",backend/src/CuentasPorPagar,frontend/src/features/cxp,backend/tests/CuentasPorPagar.UnitTests; backend/tests/Api.IntegrationTests,"Construcción pendiente; rutas son puntos de integración, no evidencia de funcionalidad terminada",Caso reproducible; dato usado; captura o log; pruebas automáticas aplicables; resultado de regresión; aprobación UAT del área,Pendiente
F1-CE-01,Ola 1B-2 · Pasivo y comercio exterior mínimo,Comercio exterior,Administrar expediente único de importación o exportación,No existe,--,8,Dev 1,Por confirmar: mapear Dev 1/Dev 2 a Geovany/Uzziel,2026-10-23,2026-10-26,Compras; Facturación,"El expediente reúne referencias, responsables, documentos y estado",Sin módulo dedicado localizado,Sin feature dedicado localizado,backend/tests/Api.IntegrationTests,"Construcción pendiente; rutas son puntos de integración, no evidencia de funcionalidad terminada",Caso reproducible; dato usado; captura o log; pruebas automáticas aplicables; resultado de regresión; aprobación UAT del área,Pendiente
F1-CE-02,Ola 1B-2 · Pasivo y comercio exterior mínimo,Comercio exterior,"Controlar hitos y fechas de embarque, aduana y entrega",No existe,--,5,Dev 1,Por confirmar: mapear Dev 1/Dev 2 a Geovany/Uzziel,2026-10-26,2026-10-27,Agente aduanal; transportista,"Cada operación muestra avance, atraso y responsable",Sin módulo dedicado localizado,Sin feature dedicado localizado,backend/tests/Api.IntegrationTests,"Construcción pendiente; rutas son puntos de integración, no evidencia de funcionalidad terminada",Caso reproducible; dato usado; captura o log; pruebas automáticas aplicables; resultado de regresión; aprobación UAT del área,Pendiente
F1-CE-03,Ola 1B-2 · Pasivo y comercio exterior mínimo,Comercio exterior,Gestionar checklist documental y alertas,No existe,--,4,Dev 1,Por confirmar: mapear Dev 1/Dev 2 a Geovany/Uzziel,2026-10-27,2026-10-28,Agente aduanal; Administración y usuarios,No se marca completo un expediente con documentos obligatorios faltantes,Sin módulo dedicado localizado,Sin feature dedicado localizado,backend/tests/Api.IntegrationTests,"Construcción pendiente; rutas son puntos de integración, no evidencia de funcionalidad terminada",Caso reproducible; dato usado; captura o log; pruebas automáticas aplicables; resultado de regresión; aprobación UAT del área,Pendiente
F1-CE-04,Ola 1B-2 · Pasivo y comercio exterior mínimo,Comercio exterior,"Relacionar pedimento, contenedor, packing list y órdenes",Existe a medias,"Completar modelo único, validaciones y navegación entre documentos",5,Dev 1,Por confirmar: mapear Dev 1/Dev 2 a Geovany/Uzziel,2026-10-28,2026-10-28,Compras; Almacén de insumos,Cada recepción importada se rastrea al pedimento y contenedor,Sin módulo dedicado localizado,Sin feature dedicado localizado,backend/tests/Api.IntegrationTests,Base de código candidata localizada; falta confirmar brecha e implementar/probar,Caso reproducible; dato usado; captura o log; pruebas automáticas aplicables; resultado de regresión; aprobación UAT del área,Pendiente
F1-CE-05,Ola 1B-2 · Pasivo y comercio exterior mínimo,Comercio exterior,Controlar órdenes OTR y proveedor extranjero,No existe,--,5,Dev 1,Por confirmar: mapear Dev 1/Dev 2 a Geovany/Uzziel,2026-10-28,2026-10-29,Compras; Cuentas por pagar,"La orden OTR conserva proveedor, moneda, embarque y saldo",Sin módulo dedicado localizado,Sin feature dedicado localizado,backend/tests/Api.IntegrationTests,"Construcción pendiente; rutas son puntos de integración, no evidencia de funcionalidad terminada",Caso reproducible; dato usado; captura o log; pruebas automáticas aplicables; resultado de regresión; aprobación UAT del área,Pendiente
F1-CE-06,Ola 1B-2 · Pasivo y comercio exterior mínimo,Comercio exterior,Distribuir gastos y costo puesto en almacén,Existe a medias,"Completar bases de distribución, cierre y conciliación",5,Dev 1,Por confirmar: mapear Dev 1/Dev 2 a Geovany/Uzziel,2026-10-29,2026-10-30,Cuentas por pagar; Materia prima; Contabilidad,Los gastos se distribuyen con una base visible y concilian con el expediente,Sin módulo dedicado localizado,Sin feature dedicado localizado,backend/tests/Api.IntegrationTests,Base de código candidata localizada; falta confirmar brecha e implementar/probar,Caso reproducible; dato usado; captura o log; pruebas automáticas aplicables; resultado de regresión; aprobación UAT del área,Pendiente
F1-CE-07,Ola 1B-2 · Pasivo y comercio exterior mínimo,Comercio exterior,Integrar datos de exportación con CFDI de comercio exterior,No existe,--,4,Dev 1,Por confirmar: mapear Dev 1/Dev 2 a Geovany/Uzziel,2026-10-30,2026-10-30,Facturación y fiscal; SAT,El CFDI contiene los datos aprobados del expediente sin recaptura inconsistente,Sin módulo dedicado localizado,Sin feature dedicado localizado,backend/tests/Api.IntegrationTests,"Construcción pendiente; rutas son puntos de integración, no evidencia de funcionalidad terminada",Caso reproducible; dato usado; captura o log; pruebas automáticas aplicables; resultado de regresión; aprobación UAT del área,Pendiente
F1-FAC-01,"Ola 1C · Venta, entrega y cartera",Facturación y fiscal,Recibir pedidos facturables desde A+W y validar elegibilidad,Existe a medias,"Cerrar contrato de datos, estado elegible, idempotencia y rechazos",4,Dev 2,Por confirmar: mapear Dev 1/Dev 2 a Geovany/Uzziel,2026-11-19,2026-11-20,A+W; Producto terminado,Cada pedido elegible se recibe una vez y los no elegibles muestran causa,backend/src/Facturacion; backend/src/Integraciones.Fiscal,frontend/src/features/facturacion; frontend/src/features/integraciones-fiscal,backend/tests/Facturacion.UnitTests; backend/tests/Integraciones.Fiscal.UnitTests; backend/tests/Api.IntegrationTests,Base de código candidata localizada; falta confirmar brecha e implementar/probar,Caso reproducible; dato usado; captura o log; pruebas automáticas aplicables; resultado de regresión; aprobación UAT del área,Pendiente
F1-FAC-02,"Ola 1C · Venta, entrega y cartera",Facturación y fiscal,Emitir factura CFDI 4.0,Ya existe y funciona,--,0,Dev 2,Por confirmar: mapear Dev 1/Dev 2 a Geovany/Uzziel,2026-11-19,2026-11-19,PAC; SAT,"La factura se timbra, guarda XML/PDF y acusa UUID",backend/src/Facturacion; backend/src/Integraciones.Fiscal,frontend/src/features/facturacion; frontend/src/features/integraciones-fiscal,backend/tests/Facturacion.UnitTests; backend/tests/Integraciones.Fiscal.UnitTests; backend/tests/Api.IntegrationTests,"Código candidato localizado; falta ejecutar el caso, documentar evidencia, regresión y UAT",Caso reproducible; dato usado; captura o log; pruebas automáticas aplicables; resultado de regresión; aprobación UAT del área,Pendiente
F1-FAC-03,"Ola 1C · Venta, entrega y cartera",Facturación y fiscal,Emitir proforma antes del timbrado,No existe,--,10,Dev 2,Por confirmar: mapear Dev 1/Dev 2 a Geovany/Uzziel,2026-11-20,2026-11-23,A+W; Crédito y cobranza,La proforma se revisa sin folio fiscal y se convierte sin recaptura,backend/src/Facturacion; backend/src/Integraciones.Fiscal,frontend/src/features/facturacion; frontend/src/features/integraciones-fiscal,backend/tests/Facturacion.UnitTests; backend/tests/Integraciones.Fiscal.UnitTests; backend/tests/Api.IntegrationTests,"Construcción pendiente; rutas son puntos de integración, no evidencia de funcionalidad terminada",Caso reproducible; dato usado; captura o log; pruebas automáticas aplicables; resultado de regresión; aprobación UAT del área,Pendiente
F1-FAC-04,"Ola 1C · Venta, entrega y cartera",Facturación y fiscal,Aplicar ranura y reglas especiales de facturación,Ya existe y funciona,--,0,Dev 2,Por confirmar: mapear Dev 1/Dev 2 a Geovany/Uzziel,2026-11-19,2026-11-19,A+W,La regla se aplica sólo cuando corresponde y queda visible,backend/src/Facturacion; backend/src/Integraciones.Fiscal,frontend/src/features/facturacion; frontend/src/features/integraciones-fiscal,backend/tests/Facturacion.UnitTests; backend/tests/Integraciones.Fiscal.UnitTests; backend/tests/Api.IntegrationTests,"Código candidato localizado; falta ejecutar el caso, documentar evidencia, regresión y UAT",Caso reproducible; dato usado; captura o log; pruebas automáticas aplicables; resultado de regresión; aprobación UAT del área,Pendiente
F1-FAC-05,"Ola 1C · Venta, entrega y cartera",Facturación y fiscal,Facturar contado únicamente en MXN y con forma válida,Ya existe y funciona,--,0,Dev 2,Por confirmar: mapear Dev 1/Dev 2 a Geovany/Uzziel,2026-11-19,2026-11-19,SAT,El sistema rechaza contado fuera de MXN o con combinación fiscal inválida,backend/src/Facturacion; backend/src/Integraciones.Fiscal,frontend/src/features/facturacion; frontend/src/features/integraciones-fiscal,backend/tests/Facturacion.UnitTests; backend/tests/Integraciones.Fiscal.UnitTests; backend/tests/Api.IntegrationTests,"Código candidato localizado; falta ejecutar el caso, documentar evidencia, regresión y UAT",Caso reproducible; dato usado; captura o log; pruebas automáticas aplicables; resultado de regresión; aprobación UAT del área,Pendiente
F1-FAC-06,"Ola 1C · Venta, entrega y cartera",Facturación y fiscal,Facturar a crédito y emitir complemento de pago por abono,Ya existe y funciona,--,0,Dev 2,Por confirmar: mapear Dev 1/Dev 2 a Geovany/Uzziel,2026-11-19,2026-11-19,Crédito y cobranza; PAC,Cada abono genera complemento y conserva su UUID,backend/src/Facturacion; backend/src/Integraciones.Fiscal,frontend/src/features/facturacion; frontend/src/features/integraciones-fiscal,backend/tests/Facturacion.UnitTests; backend/tests/Integraciones.Fiscal.UnitTests; backend/tests/Api.IntegrationTests,"Código candidato localizado; falta ejecutar el caso, documentar evidencia, regresión y UAT",Caso reproducible; dato usado; captura o log; pruebas automáticas aplicables; resultado de regresión; aprobación UAT del área,Pendiente
F1-FAC-07,"Ola 1C · Venta, entrega y cartera",Facturación y fiscal,Emitir CFDI con complemento de comercio exterior,Ya existe y funciona,--,0,Dev 2,Por confirmar: mapear Dev 1/Dev 2 a Geovany/Uzziel,2026-11-19,2026-11-19,Comercio exterior; PAC,El comprobante valida los datos obligatorios del complemento,backend/src/Facturacion; backend/src/Integraciones.Fiscal,frontend/src/features/facturacion; frontend/src/features/integraciones-fiscal,backend/tests/Facturacion.UnitTests; backend/tests/Integraciones.Fiscal.UnitTests; backend/tests/Api.IntegrationTests,"Código candidato localizado; falta ejecutar el caso, documentar evidencia, regresión y UAT",Caso reproducible; dato usado; captura o log; pruebas automáticas aplicables; resultado de regresión; aprobación UAT del área,Pendiente
F1-FAC-08,"Ola 1C · Venta, entrega y cartera",Facturación y fiscal,Cancelar y sustituir CFDI con trazabilidad SAT,Existe a medias,"Completar motivos, aceptación, sustitución y sincronización de estatus",8,Dev 2,Por confirmar: mapear Dev 1/Dev 2 a Geovany/Uzziel,2026-10-26,2026-10-28,SAT; PAC; Crédito y cobranza,La cancelación refleja el estatus SAT y liga el comprobante sustituto,backend/src/Facturacion; backend/src/Integraciones.Fiscal,frontend/src/features/facturacion; frontend/src/features/integraciones-fiscal,backend/tests/Facturacion.UnitTests; backend/tests/Integraciones.Fiscal.UnitTests; backend/tests/Api.IntegrationTests,Base de código candidata localizada; falta confirmar brecha e implementar/probar,Caso reproducible; dato usado; captura o log; pruebas automáticas aplicables; resultado de regresión; aprobación UAT del área,Pendiente
F1-FAC-09,"Ola 1C · Venta, entrega y cartera",Facturación y fiscal,"Administrar series, cierres y folios por empresa",Existe a medias,Completar bloqueo de periodo y conciliación de folios,4,Dev 2,Por confirmar: mapear Dev 1/Dev 2 a Geovany/Uzziel,2026-10-28,2026-10-28,Administración y usuarios; Contabilidad,"No hay folios duplicados y el cierre concilia emitidos, cancelados y vigentes",backend/src/Facturacion; backend/src/Integraciones.Fiscal,frontend/src/features/facturacion; frontend/src/features/integraciones-fiscal,backend/tests/Facturacion.UnitTests; backend/tests/Integraciones.Fiscal.UnitTests; backend/tests/Api.IntegrationTests,Base de código candidata localizada; falta confirmar brecha e implementar/probar,Caso reproducible; dato usado; captura o log; pruebas automáticas aplicables; resultado de regresión; aprobación UAT del área,Pendiente
F1-FAC-10,"Ola 1C · Venta, entrega y cartera",Facturación y fiscal,Conciliar masivamente CFDI contra SAT,Existe a medias,"Agregar descarga/consulta masiva, diferencias y resolución",8,Dev 2,Por confirmar: mapear Dev 1/Dev 2 a Geovany/Uzziel,2026-10-28,2026-10-29,SAT,El reporte identifica y resuelve discrepancias por UUID,backend/src/Facturacion; backend/src/Integraciones.Fiscal,frontend/src/features/facturacion; frontend/src/features/integraciones-fiscal,backend/tests/Facturacion.UnitTests; backend/tests/Integraciones.Fiscal.UnitTests; backend/tests/Api.IntegrationTests,Base de código candidata localizada; falta confirmar brecha e implementar/probar,Caso reproducible; dato usado; captura o log; pruebas automáticas aplicables; resultado de regresión; aprobación UAT del área,Pendiente
F1-FAC-11,"Ola 1C · Venta, entrega y cartera",Facturación y fiscal,"Relacionar salida 71, entrega y pedimento con la factura",Existe a medias,"Completar vínculo, validación y tratamiento de parciales",5,Dev 2,Por confirmar: mapear Dev 1/Dev 2 a Geovany/Uzziel,2026-11-23,2026-11-24,Producto terminado; Comercio exterior,La factura se rastrea a su salida y no duplica cantidades,backend/src/Facturacion; backend/src/Integraciones.Fiscal,frontend/src/features/facturacion; frontend/src/features/integraciones-fiscal,backend/tests/Facturacion.UnitTests; backend/tests/Integraciones.Fiscal.UnitTests; backend/tests/Api.IntegrationTests,Base de código candidata localizada; falta confirmar brecha e implementar/probar,Caso reproducible; dato usado; captura o log; pruebas automáticas aplicables; resultado de regresión; aprobación UAT del área,Pendiente
F1-FAC-12,"Ola 1C · Venta, entrega y cartera",Facturación y fiscal,"Aplicar matriz fiscal por cliente, producto y operación",Existe a medias,"Cerrar reglas aprobadas, precedencia y casos límite",8,Dev 2,Por confirmar: mapear Dev 1/Dev 2 a Geovany/Uzziel,2026-10-29,2026-10-30,SAT; Administración y usuarios,Cada caso aprobado produce impuestos y claves esperados,backend/src/Facturacion; backend/src/Integraciones.Fiscal,frontend/src/features/facturacion; frontend/src/features/integraciones-fiscal,backend/tests/Facturacion.UnitTests; backend/tests/Integraciones.Fiscal.UnitTests; backend/tests/Api.IntegrationTests,Base de código candidata localizada; falta confirmar brecha e implementar/probar,Caso reproducible; dato usado; captura o log; pruebas automáticas aplicables; resultado de regresión; aprobación UAT del área,Pendiente
F1-FAC-13,"Ola 1C · Venta, entrega y cartera",Facturación y fiscal,Reintentar timbrado y monitorear salud del PAC,Existe a medias,"Completar cola durable, alertas, límites y tablero operativo",6,Dev 2,Por confirmar: mapear Dev 1/Dev 2 a Geovany/Uzziel,2026-10-30,2026-11-02,PAC; infraestructura,Una caída no duplica CFDI y los pendientes se recuperan con evidencia,backend/src/Facturacion; backend/src/Integraciones.Fiscal,frontend/src/features/facturacion; frontend/src/features/integraciones-fiscal,backend/tests/Facturacion.UnitTests; backend/tests/Integraciones.Fiscal.UnitTests; backend/tests/Api.IntegrationTests,Base de código candidata localizada; falta confirmar brecha e implementar/probar,Caso reproducible; dato usado; captura o log; pruebas automáticas aplicables; resultado de regresión; aprobación UAT del área,Pendiente
F1-FAC-14,"Ola 1C · Venta, entrega y cartera",Facturación y fiscal,Reconciliar maestros fiscales de clientes y productos con A+W,Existe a medias,"Completar validación, conflicto y responsable de corrección",4,Dev 2,Por confirmar: mapear Dev 1/Dev 2 a Geovany/Uzziel,2026-11-24,2026-11-24,A+W; SAT; Administración y usuarios,Las diferencias se detectan antes del timbrado y tienen responsable,backend/src/Facturacion; backend/src/Integraciones.Fiscal,frontend/src/features/facturacion; frontend/src/features/integraciones-fiscal,backend/tests/Facturacion.UnitTests; backend/tests/Integraciones.Fiscal.UnitTests; backend/tests/Api.IntegrationTests,Base de código candidata localizada; falta confirmar brecha e implementar/probar,Caso reproducible; dato usado; captura o log; pruebas automáticas aplicables; resultado de regresión; aprobación UAT del área,Pendiente
F1-FAC-15,"Ola 1C · Venta, entrega y cartera",Facturación y fiscal,"Generar pólizas de ingresos, impuestos y cancelaciones",No existe,--,4,Dev 2,Por confirmar: mapear Dev 1/Dev 2 a Geovany/Uzziel,2026-11-24,2026-11-25,Contabilidad,Cada evento fiscal genera asiento balanceado ligado al UUID,backend/src/Facturacion; backend/src/Integraciones.Fiscal,frontend/src/features/facturacion; frontend/src/features/integraciones-fiscal,backend/tests/Facturacion.UnitTests; backend/tests/Integraciones.Fiscal.UnitTests; backend/tests/Api.IntegrationTests,"Construcción pendiente; rutas son puntos de integración, no evidencia de funcionalidad terminada",Caso reproducible; dato usado; captura o log; pruebas automáticas aplicables; resultado de regresión; aprobación UAT del área,Pendiente
F1-FAC-16,"Ola 1C · Venta, entrega y cartera",Facturación y fiscal,Validar configuración productiva del PAC por empresa,Existe a medias,Ejecutar prueba controlada con certificados y credenciales productivas,6,Dev 2,Por confirmar: mapear Dev 1/Dev 2 a Geovany/Uzziel,2026-11-25,2026-11-26,PAC; Administración y usuarios,Cada empresa completa timbrado y consulta de estatus en ambiente acordado,backend/src/Facturacion; backend/src/Integraciones.Fiscal,frontend/src/features/facturacion; frontend/src/features/integraciones-fiscal,backend/tests/Facturacion.UnitTests; backend/tests/Integraciones.Fiscal.UnitTests; backend/tests/Api.IntegrationTests,Base de código candidata localizada; falta confirmar brecha e implementar/probar,Caso reproducible; dato usado; captura o log; pruebas automáticas aplicables; resultado de regresión; aprobación UAT del área,Pendiente
F1-CXC-01,"Ola 1C · Venta, entrega y cartera",Crédito y cobranza,"Consultar cartera, antigüedad y saldos por cliente",Ya existe y funciona,--,0,Dev 1,Por confirmar: mapear Dev 1/Dev 2 a Geovany/Uzziel,2026-11-26,2026-11-26,Facturación y fiscal,La suma del detalle coincide con el saldo del cliente,backend/src/CuentasPorCobrar,frontend/src/features/cxc,backend/tests/CuentasPorCobrar.UnitTests; backend/tests/Api.IntegrationTests,"Código candidato localizado; falta ejecutar el caso, documentar evidencia, regresión y UAT",Caso reproducible; dato usado; captura o log; pruebas automáticas aplicables; resultado de regresión; aprobación UAT del área,Pendiente
F1-CXC-02,"Ola 1C · Venta, entrega y cartera",Crédito y cobranza,Registrar cobro y aplicarlo a facturas,Ya existe y funciona,--,0,Dev 1,Por confirmar: mapear Dev 1/Dev 2 a Geovany/Uzziel,2026-11-26,2026-11-26,Tesorería; Facturación,La aplicación no excede el saldo y deja remanente visible,backend/src/CuentasPorCobrar,frontend/src/features/cxc,backend/tests/CuentasPorCobrar.UnitTests; backend/tests/Api.IntegrationTests,"Código candidato localizado; falta ejecutar el caso, documentar evidencia, regresión y UAT",Caso reproducible; dato usado; captura o log; pruebas automáticas aplicables; resultado de regresión; aprobación UAT del área,Pendiente
F1-CXC-03,"Ola 1C · Venta, entrega y cartera",Crédito y cobranza,Aplicar cobros por prioridad y manejar depósitos sin identificar,Ya existe y funciona,--,0,Dev 1,Por confirmar: mapear Dev 1/Dev 2 a Geovany/Uzziel,2026-11-26,2026-11-26,Tesorería,El depósito se aplica según regla y conserva saldo no identificado,backend/src/CuentasPorCobrar,frontend/src/features/cxc,backend/tests/CuentasPorCobrar.UnitTests; backend/tests/Api.IntegrationTests,"Código candidato localizado; falta ejecutar el caso, documentar evidencia, regresión y UAT",Caso reproducible; dato usado; captura o log; pruebas automáticas aplicables; resultado de regresión; aprobación UAT del área,Pendiente
F1-CXC-04,"Ola 1C · Venta, entrega y cartera",Crédito y cobranza,Controlar tolerancia de comisión o diferencia en cobro,Existe a medias,"Completar límite, autorización y asiento de diferencia",4,Dev 1,Por confirmar: mapear Dev 1/Dev 2 a Geovany/Uzziel,2026-11-26,2026-11-26,Tesorería; Contabilidad,La diferencia dentro del límite se autoriza y contabiliza por separado,backend/src/CuentasPorCobrar,frontend/src/features/cxc,backend/tests/CuentasPorCobrar.UnitTests; backend/tests/Api.IntegrationTests,Base de código candidata localizada; falta confirmar brecha e implementar/probar,Caso reproducible; dato usado; captura o log; pruebas automáticas aplicables; resultado de regresión; aprobación UAT del área,Pendiente
F1-CXC-05,"Ola 1C · Venta, entrega y cartera",Crédito y cobranza,"Administrar anticipos, notas de crédito y compensaciones",Ya existe y funciona,--,0,Dev 1,Por confirmar: mapear Dev 1/Dev 2 a Geovany/Uzziel,2026-11-26,2026-11-26,Facturación y fiscal,La aplicación conserva origen y no produce saldos negativos,backend/src/CuentasPorCobrar,frontend/src/features/cxc,backend/tests/CuentasPorCobrar.UnitTests; backend/tests/Api.IntegrationTests,"Código candidato localizado; falta ejecutar el caso, documentar evidencia, regresión y UAT",Caso reproducible; dato usado; captura o log; pruebas automáticas aplicables; resultado de regresión; aprobación UAT del área,Pendiente
F1-CXC-06,"Ola 1C · Venta, entrega y cartera",Crédito y cobranza,Evaluar exposición de crédito antes de liberar producción,No existe,--,10,Dev 1,Por confirmar: mapear Dev 1/Dev 2 a Geovany/Uzziel,2026-11-26,2026-11-30,A+W; Facturación,Un pedido excedido se bloquea antes de producción y muestra el motivo,backend/src/CuentasPorCobrar,frontend/src/features/cxc,backend/tests/CuentasPorCobrar.UnitTests; backend/tests/Api.IntegrationTests,"Construcción pendiente; rutas son puntos de integración, no evidencia de funcionalidad terminada",Caso reproducible; dato usado; captura o log; pruebas automáticas aplicables; resultado de regresión; aprobación UAT del área,Pendiente
F1-CXC-07,"Ola 1C · Venta, entrega y cartera",Crédito y cobranza,Autorizar excepciones de crédito con vigencia,Existe a medias,"Completar límites, doble autorización cuando aplique y caducidad",5,Dev 1,Por confirmar: mapear Dev 1/Dev 2 a Geovany/Uzziel,2026-11-30,2026-12-01,Administración y usuarios; A+W,La excepción sólo libera el pedido autorizado durante su vigencia,backend/src/CuentasPorCobrar,frontend/src/features/cxc,backend/tests/CuentasPorCobrar.UnitTests; backend/tests/Api.IntegrationTests,Base de código candidata localizada; falta confirmar brecha e implementar/probar,Caso reproducible; dato usado; captura o log; pruebas automáticas aplicables; resultado de regresión; aprobación UAT del área,Pendiente
F1-CXC-08,"Ola 1C · Venta, entrega y cartera",Crédito y cobranza,"Retroalimentar a A+W bloqueo, liberación y saldo de crédito",Existe a medias,"Cerrar evento, confirmación, reintento y conciliación",6,Dev 1,Por confirmar: mapear Dev 1/Dev 2 a Geovany/Uzziel,2026-12-01,2026-12-01,A+W,A+W confirma el estado y las diferencias quedan visibles,backend/src/CuentasPorCobrar,frontend/src/features/cxc,backend/tests/CuentasPorCobrar.UnitTests; backend/tests/Api.IntegrationTests,Base de código candidata localizada; falta confirmar brecha e implementar/probar,Caso reproducible; dato usado; captura o log; pruebas automáticas aplicables; resultado de regresión; aprobación UAT del área,Pendiente
F1-CXC-09,"Ola 1C · Venta, entrega y cartera",Crédito y cobranza,Emitir estado de cuenta conciliado para el cliente,Existe a medias,"Completar formato, cortes y conciliación con documentos fiscales",3,Dev 1,Por confirmar: mapear Dev 1/Dev 2 a Geovany/Uzziel,2026-12-01,2026-12-02,Facturación y fiscal,El estado de cuenta coincide con cartera al mismo corte,backend/src/CuentasPorCobrar,frontend/src/features/cxc,backend/tests/CuentasPorCobrar.UnitTests; backend/tests/Api.IntegrationTests,Base de código candidata localizada; falta confirmar brecha e implementar/probar,Caso reproducible; dato usado; captura o log; pruebas automáticas aplicables; resultado de regresión; aprobación UAT del área,Pendiente
F1-CXC-10,"Ola 1C · Venta, entrega y cartera",Crédito y cobranza,Generar alertas y gestión de cobranza,Existe a medias,"Completar reglas, responsables, compromisos y seguimiento",3,Dev 1,Por confirmar: mapear Dev 1/Dev 2 a Geovany/Uzziel,2026-12-02,2026-12-02,Servicio de correo; Administración y usuarios,Cada vencido genera gestión rastreable según regla,backend/src/CuentasPorCobrar,frontend/src/features/cxc,backend/tests/CuentasPorCobrar.UnitTests; backend/tests/Api.IntegrationTests,Base de código candidata localizada; falta confirmar brecha e implementar/probar,Caso reproducible; dato usado; captura o log; pruebas automáticas aplicables; resultado de regresión; aprobación UAT del área,Pendiente
F1-CXC-11,"Ola 1C · Venta, entrega y cartera",Crédito y cobranza,Aplicar reglas de cliente nacional y extranjero,Existe a medias,"Completar catálogo, validación y casos de excepción",3,Dev 1,Por confirmar: mapear Dev 1/Dev 2 a Geovany/Uzziel,2026-12-02,2026-12-03,A+W; Facturación,La clasificación coincide en cartera y facturación,backend/src/CuentasPorCobrar,frontend/src/features/cxc,backend/tests/CuentasPorCobrar.UnitTests; backend/tests/Api.IntegrationTests,Base de código candidata localizada; falta confirmar brecha e implementar/probar,Caso reproducible; dato usado; captura o log; pruebas automáticas aplicables; resultado de regresión; aprobación UAT del área,Pendiente
F1-CXC-12,"Ola 1C · Venta, entrega y cartera",Crédito y cobranza,"Generar pólizas de cobros, aplicaciones y diferencias",No existe,--,3,Dev 1,Por confirmar: mapear Dev 1/Dev 2 a Geovany/Uzziel,2026-12-03,2026-12-03,Contabilidad; Tesorería,Cada cobro y diferencia genera asiento balanceado y rastreable,backend/src/CuentasPorCobrar,frontend/src/features/cxc,backend/tests/CuentasPorCobrar.UnitTests; backend/tests/Api.IntegrationTests,"Construcción pendiente; rutas son puntos de integración, no evidencia de funcionalidad terminada",Caso reproducible; dato usado; captura o log; pruebas automáticas aplicables; resultado de regresión; aprobación UAT del área,Pendiente
F1-PT-01,"Ola 1C · Venta, entrega y cartera",Producto terminado,Recibir escaneo o evento de pieza desde A+W,No existe,--,8,Dev 2,Por confirmar: mapear Dev 1/Dev 2 a Geovany/Uzziel,2026-11-05,2026-11-06,A+W,Cada evento se procesa una sola vez y conserva identificador de pieza,backend/src/Almacen; backend/src/Integraciones.Aw,frontend/src/features/almacen,backend/tests/Almacen.UnitTests; backend/tests/Integraciones.Aw.UnitTests; backend/tests/Integraciones.Aw.IntegrationTests,"Construcción pendiente; rutas son puntos de integración, no evidencia de funcionalidad terminada",Caso reproducible; dato usado; captura o log; pruebas automáticas aplicables; resultado de regresión; aprobación UAT del área,Pendiente
F1-PT-02,"Ola 1C · Venta, entrega y cartera",Producto terminado,Validar pedido completo en estado 69,No existe,--,6,Dev 2,Por confirmar: mapear Dev 1/Dev 2 a Geovany/Uzziel,2026-11-06,2026-11-09,A+W,El pedido se marca completo sólo con todas sus piezas confirmadas,backend/src/Almacen; backend/src/Integraciones.Aw,frontend/src/features/almacen,backend/tests/Almacen.UnitTests; backend/tests/Integraciones.Aw.UnitTests; backend/tests/Integraciones.Aw.IntegrationTests,"Construcción pendiente; rutas son puntos de integración, no evidencia de funcionalidad terminada",Caso reproducible; dato usado; captura o log; pruebas automáticas aplicables; resultado de regresión; aprobación UAT del área,Pendiente
F1-PT-03,"Ola 1C · Venta, entrega y cartera",Producto terminado,Registrar entrada de producto terminado por pieza,No existe,--,10,Dev 2,Por confirmar: mapear Dev 1/Dev 2 a Geovany/Uzziel,2026-11-09,2026-11-11,A+W; Almacén,La entrada crea existencia única por pieza y pedido,backend/src/Almacen; backend/src/Integraciones.Aw,frontend/src/features/almacen,backend/tests/Almacen.UnitTests; backend/tests/Integraciones.Aw.UnitTests; backend/tests/Integraciones.Aw.IntegrationTests,"Construcción pendiente; rutas son puntos de integración, no evidencia de funcionalidad terminada",Caso reproducible; dato usado; captura o log; pruebas automáticas aplicables; resultado de regresión; aprobación UAT del área,Pendiente
F1-PT-04,"Ola 1C · Venta, entrega y cartera",Producto terminado,Transferir producto terminado a tránsito,No existe,--,10,Dev 2,Por confirmar: mapear Dev 1/Dev 2 a Geovany/Uzziel,2026-11-11,2026-11-12,Logística; sucursal destino,La salida de origen y entrada a tránsito conservan las mismas piezas,backend/src/Almacen; backend/src/Integraciones.Aw,frontend/src/features/almacen,backend/tests/Almacen.UnitTests; backend/tests/Integraciones.Aw.UnitTests; backend/tests/Integraciones.Aw.IntegrationTests,"Construcción pendiente; rutas son puntos de integración, no evidencia de funcionalidad terminada",Caso reproducible; dato usado; captura o log; pruebas automáticas aplicables; resultado de regresión; aprobación UAT del área,Pendiente
F1-PT-05,"Ola 1C · Venta, entrega y cartera",Producto terminado,Confirmar recepción en sucursal destino,No existe,--,8,Dev 2,Por confirmar: mapear Dev 1/Dev 2 a Geovany/Uzziel,2026-11-12,2026-11-13,Sucursal destino,"La recepción concilia enviadas, recibidas, faltantes y dañadas",backend/src/Almacen; backend/src/Integraciones.Aw,frontend/src/features/almacen,backend/tests/Almacen.UnitTests; backend/tests/Integraciones.Aw.UnitTests; backend/tests/Integraciones.Aw.IntegrationTests,"Construcción pendiente; rutas son puntos de integración, no evidencia de funcionalidad terminada",Caso reproducible; dato usado; captura o log; pruebas automáticas aplicables; resultado de regresión; aprobación UAT del área,Pendiente
F1-PT-06,"Ola 1C · Venta, entrega y cartera",Producto terminado,"Registrar daño, rechazo o devolución de pieza",No existe,--,6,Dev 2,Por confirmar: mapear Dev 1/Dev 2 a Geovany/Uzziel,2026-11-13,2026-11-17,Logística; Crédito y cobranza,La pieza cambia a un estado válido y conserva evidencia y responsable,backend/src/Almacen; backend/src/Integraciones.Aw,frontend/src/features/almacen,backend/tests/Almacen.UnitTests; backend/tests/Integraciones.Aw.UnitTests; backend/tests/Integraciones.Aw.IntegrationTests,"Construcción pendiente; rutas son puntos de integración, no evidencia de funcionalidad terminada",Caso reproducible; dato usado; captura o log; pruebas automáticas aplicables; resultado de regresión; aprobación UAT del área,Pendiente
F1-PT-07,"Ola 1C · Venta, entrega y cartera",Producto terminado,Registrar entrega al cliente y evidencia,No existe,--,8,Dev 2,Por confirmar: mapear Dev 1/Dev 2 a Geovany/Uzziel,2026-11-17,2026-11-18,Facturación; Crédito y cobranza,Las piezas entregadas coinciden con el documento y el acuse queda adjunto,backend/src/Almacen; backend/src/Integraciones.Aw,frontend/src/features/almacen,backend/tests/Almacen.UnitTests; backend/tests/Integraciones.Aw.UnitTests; backend/tests/Integraciones.Aw.IntegrationTests,"Construcción pendiente; rutas son puntos de integración, no evidencia de funcionalidad terminada",Caso reproducible; dato usado; captura o log; pruebas automáticas aplicables; resultado de regresión; aprobación UAT del área,Pendiente
F1-PT-08,"Ola 1C · Venta, entrega y cartera",Producto terminado,Relacionar salida 71 y descontar existencias,No existe,--,4,Dev 2,Por confirmar: mapear Dev 1/Dev 2 a Geovany/Uzziel,2026-11-18,2026-11-19,Facturación y fiscal; A+W,La salida descuenta cada pieza una sola vez y queda ligada a factura,backend/src/Almacen; backend/src/Integraciones.Aw,frontend/src/features/almacen,backend/tests/Almacen.UnitTests; backend/tests/Integraciones.Aw.UnitTests; backend/tests/Integraciones.Aw.IntegrationTests,"Construcción pendiente; rutas son puntos de integración, no evidencia de funcionalidad terminada",Caso reproducible; dato usado; captura o log; pruebas automáticas aplicables; resultado de regresión; aprobación UAT del área,Pendiente
F1-PT-09,"Ola 1C · Venta, entrega y cartera",Producto terminado,Valuar movimientos y generar interfaz contable,No existe,--,3,Dev 2,Por confirmar: mapear Dev 1/Dev 2 a Geovany/Uzziel,2026-11-19,2026-11-19,Contabilidad,"Entradas, transferencias y salidas generan movimientos valuados conciliables",backend/src/Almacen; backend/src/Integraciones.Aw,frontend/src/features/almacen,backend/tests/Almacen.UnitTests; backend/tests/Integraciones.Aw.UnitTests; backend/tests/Integraciones.Aw.IntegrationTests,"Construcción pendiente; rutas son puntos de integración, no evidencia de funcionalidad terminada",Caso reproducible; dato usado; captura o log; pruebas automáticas aplicables; resultado de regresión; aprobación UAT del área,Pendiente
F1-TES-01,Ola 1D · Tesorería y cierre,Tesorería,Administrar cuentas bancarias y saldos,Ya existe y funciona,--,0,Dev 1,Por confirmar: mapear Dev 1/Dev 2 a Geovany/Uzziel,2026-11-05,2026-11-05,Administración y usuarios,Las operaciones usan cuentas vigentes de la empresa correcta,backend/src/Tesoreria,frontend/src/features/tesoreria,backend/tests/Tesoreria.UnitTests; backend/tests/Api.IntegrationTests,"Código candidato localizado; falta ejecutar el caso, documentar evidencia, regresión y UAT",Caso reproducible; dato usado; captura o log; pruebas automáticas aplicables; resultado de regresión; aprobación UAT del área,Pendiente
F1-TES-02,Ola 1D · Tesorería y cierre,Tesorería,"Registrar movimientos, depósitos y transferencias",Ya existe y funciona,--,0,Dev 1,Por confirmar: mapear Dev 1/Dev 2 a Geovany/Uzziel,2026-11-05,2026-11-05,Crédito y cobranza,Cada movimiento afecta saldo y conserva referencia,backend/src/Tesoreria,frontend/src/features/tesoreria,backend/tests/Tesoreria.UnitTests; backend/tests/Api.IntegrationTests,"Código candidato localizado; falta ejecutar el caso, documentar evidencia, regresión y UAT",Caso reproducible; dato usado; captura o log; pruebas automáticas aplicables; resultado de regresión; aprobación UAT del área,Pendiente
F1-TES-03,Ola 1D · Tesorería y cierre,Tesorería,Registrar pagos a proveedores desde cuentas por pagar,Ya existe y funciona,--,0,Dev 1,Por confirmar: mapear Dev 1/Dev 2 a Geovany/Uzziel,2026-11-05,2026-11-05,Cuentas por pagar,El pago liquida o abona documentos seleccionados,backend/src/Tesoreria,frontend/src/features/tesoreria,backend/tests/Tesoreria.UnitTests; backend/tests/Api.IntegrationTests,"Código candidato localizado; falta ejecutar el caso, documentar evidencia, regresión y UAT",Caso reproducible; dato usado; captura o log; pruebas automáticas aplicables; resultado de regresión; aprobación UAT del área,Pendiente
F1-TES-04,Ola 1D · Tesorería y cierre,Tesorería,Construir y autorizar corrida de pagos,Existe a medias,"Completar pantalla, autorización, bloqueos y generación de instrucción",10,Dev 1,Por confirmar: mapear Dev 1/Dev 2 a Geovany/Uzziel,2026-11-05,2026-11-09,Cuentas por pagar; Administración y usuarios,Sólo pagos autorizados integran la corrida y no se duplican,backend/src/Tesoreria,frontend/src/features/tesoreria,backend/tests/Tesoreria.UnitTests; backend/tests/Api.IntegrationTests,Base de código candidata localizada; falta confirmar brecha e implementar/probar,Caso reproducible; dato usado; captura o log; pruebas automáticas aplicables; resultado de regresión; aprobación UAT del área,Pendiente
F1-TES-05,Ola 1D · Tesorería y cierre,Tesorería,Generar o importar archivo bancario,Existe a medias,"Implementar formatos bancarios acordados, validación y respuesta",5,Dev 1,Por confirmar: mapear Dev 1/Dev 2 a Geovany/Uzziel,2026-11-09,2026-11-09,Banco,El archivo cumple formato y la respuesta actualiza cada pago,backend/src/Tesoreria,frontend/src/features/tesoreria,backend/tests/Tesoreria.UnitTests; backend/tests/Api.IntegrationTests,Base de código candidata localizada; falta confirmar brecha e implementar/probar,Caso reproducible; dato usado; captura o log; pruebas automáticas aplicables; resultado de regresión; aprobación UAT del área,Pendiente
F1-TES-06,Ola 1D · Tesorería y cierre,Tesorería,Conciliar estado de cuenta bancario,No existe,--,12,Dev 1,Por confirmar: mapear Dev 1/Dev 2 a Geovany/Uzziel,2026-11-09,2026-11-11,Banco; Contabilidad,Saldo bancario más partidas en tránsito concilia con libros,backend/src/Tesoreria,frontend/src/features/tesoreria,backend/tests/Tesoreria.UnitTests; backend/tests/Api.IntegrationTests,"Construcción pendiente; rutas son puntos de integración, no evidencia de funcionalidad terminada",Caso reproducible; dato usado; captura o log; pruebas automáticas aplicables; resultado de regresión; aprobación UAT del área,Pendiente
F1-TES-07,Ola 1D · Tesorería y cierre,Tesorería,Controlar pagos a cuenta y su regularización,Existe a medias,"Completar vencimiento, alertas, aplicación y autorización de remanentes",3,Dev 1,Por confirmar: mapear Dev 1/Dev 2 a Geovany/Uzziel,2026-11-11,2026-11-12,Cuentas por pagar,El pago queda abierto hasta aplicarse y nunca se aplica por encima del saldo,backend/src/Tesoreria,frontend/src/features/tesoreria,backend/tests/Tesoreria.UnitTests; backend/tests/Api.IntegrationTests,Base de código candidata localizada; falta confirmar brecha e implementar/probar,Caso reproducible; dato usado; captura o log; pruebas automáticas aplicables; resultado de regresión; aprobación UAT del área,Pendiente
F1-TES-08,Ola 1D · Tesorería y cierre,Tesorería,Emitir REPP de proveedor por pago recibido,Ya existe y funciona,--,0,Dev 1,Por confirmar: mapear Dev 1/Dev 2 a Geovany/Uzziel,2026-11-05,2026-11-05,Facturación y fiscal; PAC,Cada pago aplicable genera un solo complemento válido,backend/src/Tesoreria,frontend/src/features/tesoreria,backend/tests/Tesoreria.UnitTests; backend/tests/Api.IntegrationTests,"Código candidato localizado; falta ejecutar el caso, documentar evidencia, regresión y UAT",Caso reproducible; dato usado; captura o log; pruebas automáticas aplicables; resultado de regresión; aprobación UAT del área,Pendiente
F1-TES-09,Ola 1D · Tesorería y cierre,Tesorería,Calcular diferencia cambiaria de pagos,Existe a medias,"Completar tipo de cambio, asiento y conciliación",2,Dev 1,Por confirmar: mapear Dev 1/Dev 2 a Geovany/Uzziel,2026-11-12,2026-11-12,Banco de México/SAT; Contabilidad,La diferencia usa el tipo autorizado y genera asiento trazable,backend/src/Tesoreria,frontend/src/features/tesoreria,backend/tests/Tesoreria.UnitTests; backend/tests/Api.IntegrationTests,Base de código candidata localizada; falta confirmar brecha e implementar/probar,Caso reproducible; dato usado; captura o log; pruebas automáticas aplicables; resultado de regresión; aprobación UAT del área,Pendiente
F1-TES-10,Ola 1D · Tesorería y cierre,Tesorería,Mostrar retenciones y neto antes de pagar,Existe a medias,Integrar desglose final desde cuentas por pagar,2,Dev 1,Por confirmar: mapear Dev 1/Dev 2 a Geovany/Uzziel,2026-11-12,2026-11-12,Cuentas por pagar,"La corrida muestra bruto, retenciones y neto conciliados",backend/src/Tesoreria,frontend/src/features/tesoreria,backend/tests/Tesoreria.UnitTests; backend/tests/Api.IntegrationTests,Base de código candidata localizada; falta confirmar brecha e implementar/probar,Caso reproducible; dato usado; captura o log; pruebas automáticas aplicables; resultado de regresión; aprobación UAT del área,Pendiente
F1-TES-11,Ola 1D · Tesorería y cierre,Tesorería,"Consultar flujo, posición y pagos pendientes",Existe a medias,Completar reportes y conciliación con cuentas bancarias,2,Dev 1,Por confirmar: mapear Dev 1/Dev 2 a Geovany/Uzziel,2026-11-12,2026-11-12,Cuentas por pagar; Crédito y cobranza,"El reporte concilia saldos iniciales, entradas, salidas y saldo final",backend/src/Tesoreria,frontend/src/features/tesoreria,backend/tests/Tesoreria.UnitTests; backend/tests/Api.IntegrationTests,Base de código candidata localizada; falta confirmar brecha e implementar/probar,Caso reproducible; dato usado; captura o log; pruebas automáticas aplicables; resultado de regresión; aprobación UAT del área,Pendiente
F1-CON-01,Ola 1A · Fundaciones,Contabilidad,Administrar catálogo de cuentas por empresa,No existe,--,8,Dev 1 y Dev 2,Geovany y Uzziel,2026-10-05,2026-10-06,Administración y usuarios,"El catálogo valida estructura, naturaleza y cuentas afectables",backend/src/CentrosCosto; backend/src/Compartido,frontend/src/features/centros-costo,backend/tests/Api.IntegrationTests,"Construcción pendiente; rutas son puntos de integración, no evidencia de funcionalidad terminada",Caso reproducible; dato usado; captura o log; pruebas automáticas aplicables; resultado de regresión; aprobación UAT del área,Pendiente
F1-CON-02,Ola 1A · Fundaciones,Contabilidad,Administrar centros de costo y dimensiones contables,No existe,--,6,Dev 1,Por confirmar: mapear Dev 1/Dev 2 a Geovany/Uzziel,2026-11-12,2026-11-13,Administración y usuarios,Las pólizas usan dimensiones vigentes y reportables,backend/src/CentrosCosto; backend/src/Compartido,frontend/src/features/centros-costo,backend/tests/Api.IntegrationTests,"Construcción pendiente; rutas son puntos de integración, no evidencia de funcionalidad terminada",Caso reproducible; dato usado; captura o log; pruebas automáticas aplicables; resultado de regresión; aprobación UAT del área,Pendiente
F1-CON-03,Ola 1A · Fundaciones,Contabilidad,"Abrir, cerrar y reabrir periodos con autorización",No existe,--,8,Dev 1 y Dev 2,Geovany y Uzziel,2026-10-06,2026-10-07,Todos los módulos financieros,Un periodo cerrado bloquea registros y la reapertura queda auditada,backend/src/CentrosCosto; backend/src/Compartido,frontend/src/features/centros-costo,backend/tests/Api.IntegrationTests,"Construcción pendiente; rutas son puntos de integración, no evidencia de funcionalidad terminada",Caso reproducible; dato usado; captura o log; pruebas automáticas aplicables; resultado de regresión; aprobación UAT del área,Pendiente
F1-CON-04,Ola 1D · Tesorería y cierre,Contabilidad,"Capturar, autorizar y reversar pólizas manuales",No existe,--,10,Dev 1,Por confirmar: mapear Dev 1/Dev 2 a Geovany/Uzziel,2026-11-13,2026-11-18,Administración y usuarios,La póliza balancea cargos y abonos y conserva autorización y reversa,backend/src/CentrosCosto; backend/src/Compartido,frontend/src/features/centros-costo,backend/tests/Api.IntegrationTests,"Construcción pendiente; rutas son puntos de integración, no evidencia de funcionalidad terminada",Caso reproducible; dato usado; captura o log; pruebas automáticas aplicables; resultado de regresión; aprobación UAT del área,Pendiente
F1-CON-05,Ola 1D · Tesorería y cierre,Contabilidad,Generar pólizas automáticas desde los módulos,No existe,--,14,Dev 1 y Dev 2,Geovany y Uzziel,2026-12-07,2026-12-08,Todos los módulos,Cada evento configurado genera una sola póliza balanceada y rastreable,backend/src/CentrosCosto; backend/src/Compartido,frontend/src/features/centros-costo,backend/tests/Api.IntegrationTests,"Construcción pendiente; rutas son puntos de integración, no evidencia de funcionalidad terminada",Caso reproducible; dato usado; captura o log; pruebas automáticas aplicables; resultado de regresión; aprobación UAT del área,Pendiente
F1-CON-06,Ola 1D · Tesorería y cierre,Contabilidad,Consultar diario y mayor por cuenta,No existe,--,10,Dev 1,Por confirmar: mapear Dev 1/Dev 2 a Geovany/Uzziel,2026-11-18,2026-11-19,Pólizas manuales y automáticas,"El mayor explica saldo inicial, movimientos y saldo final",backend/src/CentrosCosto; backend/src/Compartido,frontend/src/features/centros-costo,backend/tests/Api.IntegrationTests,"Construcción pendiente; rutas son puntos de integración, no evidencia de funcionalidad terminada",Caso reproducible; dato usado; captura o log; pruebas automáticas aplicables; resultado de regresión; aprobación UAT del área,Pendiente
F1-CON-07,Ola 1D · Tesorería y cierre,Contabilidad,Generar balanza de comprobación,No existe,--,10,Dev 1,Por confirmar: mapear Dev 1/Dev 2 a Geovany/Uzziel,2026-11-19,2026-11-20,Diario y mayor,La balanza cuadra cargos y abonos y coincide con el mayor,backend/src/CentrosCosto; backend/src/Compartido,frontend/src/features/centros-costo,backend/tests/Api.IntegrationTests,"Construcción pendiente; rutas son puntos de integración, no evidencia de funcionalidad terminada",Caso reproducible; dato usado; captura o log; pruebas automáticas aplicables; resultado de regresión; aprobación UAT del área,Pendiente
F1-CON-08,Ola 1D · Tesorería y cierre,Contabilidad,Generar estado de resultados y balance general,No existe,--,12,Dev 2,Por confirmar: mapear Dev 1/Dev 2 a Geovany/Uzziel,2026-11-30,2026-12-01,Catálogo de cuentas; balanza,Los estados se obtienen por empresa y periodo y cuadran con balanza,backend/src/CentrosCosto; backend/src/Compartido,frontend/src/features/centros-costo,backend/tests/Api.IntegrationTests,"Construcción pendiente; rutas son puntos de integración, no evidencia de funcionalidad terminada",Caso reproducible; dato usado; captura o log; pruebas automáticas aplicables; resultado de regresión; aprobación UAT del área,Pendiente
F1-CON-09,Ola 1D · Tesorería y cierre,Contabilidad,Conciliar auxiliares contra cuentas de control,No existe,--,8,Dev 1,Por confirmar: mapear Dev 1/Dev 2 a Geovany/Uzziel,2026-12-03,2026-12-04,Cuentas por pagar; Crédito y cobranza; Tesorería; inventarios,Cada auxiliar coincide con su cuenta o muestra partidas explicables,backend/src/CentrosCosto; backend/src/Compartido,frontend/src/features/centros-costo,backend/tests/Api.IntegrationTests,"Construcción pendiente; rutas son puntos de integración, no evidencia de funcionalidad terminada",Caso reproducible; dato usado; captura o log; pruebas automáticas aplicables; resultado de regresión; aprobación UAT del área,Pendiente
F1-CON-10,Ola 1D · Tesorería y cierre,Contabilidad,"Controlar IVA pendiente, pagado y retenciones",No existe,--,8,Dev 2,Por confirmar: mapear Dev 1/Dev 2 a Geovany/Uzziel,2026-11-26,2026-11-30,Cuentas por pagar; Facturación; Tesorería,Los saldos fiscales concilian por UUID y pago,backend/src/CentrosCosto; backend/src/Compartido,frontend/src/features/centros-costo,backend/tests/Api.IntegrationTests,"Construcción pendiente; rutas son puntos de integración, no evidencia de funcionalidad terminada",Caso reproducible; dato usado; captura o log; pruebas automáticas aplicables; resultado de regresión; aprobación UAT del área,Pendiente
F1-CON-11,Ola 1D · Tesorería y cierre,Contabilidad,Calcular y registrar diferencia cambiaria,No existe,--,4,Dev 1,Por confirmar: mapear Dev 1/Dev 2 a Geovany/Uzziel,2026-12-04,2026-12-07,Cuentas por pagar; Crédito y cobranza; Tesorería,La revaluación genera póliza y detalle por documento,backend/src/CentrosCosto; backend/src/Compartido,frontend/src/features/centros-costo,backend/tests/Api.IntegrationTests,"Construcción pendiente; rutas son puntos de integración, no evidencia de funcionalidad terminada",Caso reproducible; dato usado; captura o log; pruebas automáticas aplicables; resultado de regresión; aprobación UAT del área,Pendiente
F1-CON-12,Ola 1D · Tesorería y cierre,Contabilidad,Ejecutar cierre mensual secuencial,No existe,--,6,Dev 1 y Dev 2,Geovany y Uzziel,2026-12-08,2026-12-08,Todos los módulos financieros,El cierre impide avanzar con conciliaciones obligatorias pendientes,backend/src/CentrosCosto; backend/src/Compartido,frontend/src/features/centros-costo,backend/tests/Api.IntegrationTests,"Construcción pendiente; rutas son puntos de integración, no evidencia de funcionalidad terminada",Caso reproducible; dato usado; captura o log; pruebas automáticas aplicables; resultado de regresión; aprobación UAT del área,Pendiente
F1-CON-13,Ola 1D · Tesorería y cierre,Contabilidad,Importar y exportar información contable controlada,No existe,--,4,Dev 2,Por confirmar: mapear Dev 1/Dev 2 a Geovany/Uzziel,2026-11-26,2026-11-26,Sistema contable previo; auditoría,La carga valida balance y catálogos; el rechazo identifica fila y causa,backend/src/CentrosCosto; backend/src/Compartido,frontend/src/features/centros-costo,backend/tests/Api.IntegrationTests,"Construcción pendiente; rutas son puntos de integración, no evidencia de funcionalidad terminada",Caso reproducible; dato usado; captura o log; pruebas automáticas aplicables; resultado de regresión; aprobación UAT del área,Pendiente
F1-AF-01,Ola 1D · Tesorería y cierre,Activos fijos,"Administrar clases, cuentas y reglas de activos",No existe,--,4,Dev 1,Por confirmar: mapear Dev 1/Dev 2 a Geovany/Uzziel,2026-11-20,2026-11-23,Contabilidad,Cada clase tiene cuentas y política de depreciación vigentes,Sin módulo dedicado localizado,Sin feature dedicado localizado,backend/tests/Api.IntegrationTests,"Construcción pendiente; rutas son puntos de integración, no evidencia de funcionalidad terminada",Caso reproducible; dato usado; captura o log; pruebas automáticas aplicables; resultado de regresión; aprobación UAT del área,Pendiente
F1-AF-02,Ola 1D · Tesorería y cierre,Activos fijos,Registrar maestro de activos con responsable y ubicación,No existe,--,6,Dev 1,Por confirmar: mapear Dev 1/Dev 2 a Geovany/Uzziel,2026-11-23,2026-11-24,Administración y usuarios,"Cada activo tiene identificador único, custodio y ubicación",Sin módulo dedicado localizado,Sin feature dedicado localizado,backend/tests/Api.IntegrationTests,"Construcción pendiente; rutas son puntos de integración, no evidencia de funcionalidad terminada",Caso reproducible; dato usado; captura o log; pruebas automáticas aplicables; resultado de regresión; aprobación UAT del área,Pendiente
F1-AF-03,Ola 1D · Tesorería y cierre,Activos fijos,Capitalizar compras y mejoras,No existe,--,5,Dev 1,Por confirmar: mapear Dev 1/Dev 2 a Geovany/Uzziel,2026-11-24,2026-11-25,Compras; Cuentas por pagar,Una compra elegible se capitaliza sin duplicar costo,Sin módulo dedicado localizado,Sin feature dedicado localizado,backend/tests/Api.IntegrationTests,"Construcción pendiente; rutas son puntos de integración, no evidencia de funcionalidad terminada",Caso reproducible; dato usado; captura o log; pruebas automáticas aplicables; resultado de regresión; aprobación UAT del área,Pendiente
F1-AF-04,Ola 1D · Tesorería y cierre,Activos fijos,Calcular y contabilizar depreciación,No existe,--,7,Dev 1,Por confirmar: mapear Dev 1/Dev 2 a Geovany/Uzziel,2026-11-25,2026-11-26,Contabilidad,La corrida calcula por periodo y genera póliza conciliable,Sin módulo dedicado localizado,Sin feature dedicado localizado,backend/tests/Api.IntegrationTests,"Construcción pendiente; rutas son puntos de integración, no evidencia de funcionalidad terminada",Caso reproducible; dato usado; captura o log; pruebas automáticas aplicables; resultado de regresión; aprobación UAT del área,Pendiente
F1-AF-05,Ola 1D · Tesorería y cierre,Activos fijos,"Transferir activo entre responsable, ubicación o empresa",No existe,--,4,Dev 2,Por confirmar: mapear Dev 1/Dev 2 a Geovany/Uzziel,2026-12-01,2026-12-02,Administración y usuarios,La transferencia conserva historia y autorización,Sin módulo dedicado localizado,Sin feature dedicado localizado,backend/tests/Api.IntegrationTests,"Construcción pendiente; rutas son puntos de integración, no evidencia de funcionalidad terminada",Caso reproducible; dato usado; captura o log; pruebas automáticas aplicables; resultado de regresión; aprobación UAT del área,Pendiente
F1-AF-06,Ola 1D · Tesorería y cierre,Activos fijos,"Administrar documentos, garantías y mantenimientos",No existe,--,3,Dev 2,Por confirmar: mapear Dev 1/Dev 2 a Geovany/Uzziel,2026-12-02,2026-12-02,Adjuntos; proveedores,Los vencimientos y documentos quedan ligados al activo,Sin módulo dedicado localizado,Sin feature dedicado localizado,backend/tests/Api.IntegrationTests,"Construcción pendiente; rutas son puntos de integración, no evidencia de funcionalidad terminada",Caso reproducible; dato usado; captura o log; pruebas automáticas aplicables; resultado de regresión; aprobación UAT del área,Pendiente
F1-AF-07,Ola 1D · Tesorería y cierre,Activos fijos,"Vender, dar de baja o disponer un activo",Existe a medias,"Completar valor neto, factura, baja, autorización y póliza",6,Dev 2,Por confirmar: mapear Dev 1/Dev 2 a Geovany/Uzziel,2026-12-02,2026-12-03,Facturación y fiscal; Contabilidad,"La disposición retira el activo, calcula resultado y genera documento y póliza",Sin módulo dedicado localizado,Sin feature dedicado localizado,backend/tests/Api.IntegrationTests,Base de código candidata localizada; falta confirmar brecha e implementar/probar,Caso reproducible; dato usado; captura o log; pruebas automáticas aplicables; resultado de regresión; aprobación UAT del área,Pendiente
F1-AF-08,Ola 1D · Tesorería y cierre,Activos fijos,Realizar inventario físico y etiquetado,No existe,--,2,Dev 2,Por confirmar: mapear Dev 1/Dev 2 a Geovany/Uzziel,2026-12-03,2026-12-03,Administración y usuarios,"El conteo identifica encontrados, faltantes y reasignados",Sin módulo dedicado localizado,Sin feature dedicado localizado,backend/tests/Api.IntegrationTests,"Construcción pendiente; rutas son puntos de integración, no evidencia de funcionalidad terminada",Caso reproducible; dato usado; captura o log; pruebas automáticas aplicables; resultado de regresión; aprobación UAT del área,Pendiente
F1-AF-09,Ola 1D · Tesorería y cierre,Activos fijos,Conciliar auxiliar de activos con contabilidad,No existe,--,3,Dev 2,Por confirmar: mapear Dev 1/Dev 2 a Geovany/Uzziel,2026-12-03,2026-12-04,Contabilidad,Costo y depreciación acumulada coinciden con cuentas de control,Sin módulo dedicado localizado,Sin feature dedicado localizado,backend/tests/Api.IntegrationTests,"Construcción pendiente; rutas son puntos de integración, no evidencia de funcionalidad terminada",Caso reproducible; dato usado; captura o log; pruebas automáticas aplicables; resultado de regresión; aprobación UAT del área,Pendiente
